0,214.74,-2.60,1,0.00
1,95.44,-1.10,2,0.00
1,182.93,0.90,2,0.00
1,262.46,0.70,3,0.00
1,342.00,0.40,3,0.00
1,421.53,0.90,4,0.00
1,485.16,0.40,4,0.00
1,540.83,0.30,5,0.00
1,588.55,0.40,5,0.00
1,628.32,0.20,6,0.00
1,660.13,0.20,6,0.00
1,676.04,0.00,7,0.00
1,699.90,-0.20,7,0.00
1,715.81,-0.10,8,0.00
1,731.71,0.10,8,0.00
1,731.71,-0.10,9,0.00
1,739.67,0.00,9,0.00
1,747.62,0.00,10,0.00
1,755.57,-0.10,10,0.00
1,755.57,0.10,11,0.00
1,763.53,-0.10,11,0.00
1,763.53,0.10,12,0.00
1,763.53,0.00,12,0.00
1,763.53,-0.40,13,0.00
1,763.53,-0.30,13,0.00
1,755.57,-0.10,14,0.00
1,755.57,-0.30,14,0.00
1,747.62,0.10,15,0.00
1,747.62,-0.30,15,0.00
1,739.67,-0.50,16,0.00
1,739.67,-0.30,16,0.00
1,731.71,-0.20,17,0.00
1,731.71,-0.30,17,0.00
1,723.76,-0.30,18,0.00
1,715.81,-0.30,18,0.00
1,707.85,-0.10,19,0.00
1,707.85,-0.20,19,0.00
1,699.90,-0.30,20,0.00
1,691.95,-0.10,20,0.00
1,683.99,-0.30,21,0.00
1,676.04,-0.40,21,0.00
1,668.09,-0.10,22,0.00
1,668.09,-0.60,22,0.00
1,644.23,-0.50,23,0.00
1,636.27,-0.60,23,0.00
1,628.32,-0.20,24,0.00
1,620.37,-0.50,24,0.00
1,612.41,-0.40,25,0.00
1,604.46,-0.40,25,0.00
1,596.50,-0.40,26,0.00
1,588.55,-0.30,26,0.00
1,572.64,-0.30,27,0.00
1,572.64,-0.30,27,0.00
1,556.74,-0.30,28,0.00
1,556.74,-0.40,28,0.00
1,540.83,-0.40,29,0.00
1,540.83,-0.40,29,0.00
1,524.92,-0.30,30,0.00
1,516.97,-0.40,30,0.00
1,509.02,-0.30,31,0.00
1,501.06,-0.50,31,0.00
1,485.16,-0.30,32,0.00
1,477.20,-0.60,32,0.00
1,469.25,-0.20,33,0.00
1,461.30,-0.40,33,0.00
1,445.39,-0.20,34,0.00
1,445.39,-0.60,34,0.00
1,429.48,-0.50,35,0.00
1,421.53,-0.60,35,0.00
1,413.58,-0.30,36,0.00
1,397.67,-0.40,36,0.00
1,389.72,-0.50,37,0.00
1,381.76,-0.50,37,0.00
1,365.86,-0.40,38,0.00
1,365.86,-0.40,38,0.00
1,365.86,-0.60,39,0.00
1,373.81,-0.50,39,0.00
1,373.81,-0.80,40,0.00
1,365.86,-0.50,40,0.00
1,349.95,-0.80,41,0.00
1,509.02,-1.20,41,0.00
1,938.50,-8.20,42,0.00
1,1622.49,-20.80,42,0.00
1,2831.41,-34.80,43,0.00
1,4239.16,-38.10,43,0.00
1,5503.75,-33.70,44,0.00
1,5980.96,-14.70,44,0.00
1,5996.86,-13.10,45,0.00
1,5996.86,-13.00,45,0.00
1,6004.82,-20.50,46,0.00
1,6004.82,-20.40,46,0.00
1,6004.82,-11.80,47,0.00
1,5996.86,-13.60,47,0.00
1,6012.77,-19.40,48,0.00
1,5996.86,-9.60,48,0.00
1,5996.86,-19.70,49,0.00
1,5996.86,-14.90,49,0.00
1,5980.96,-14.60,50,0.00
1,5996.86,-21.80,50,0.00
1,5988.91,-10.10,51,0.00
1,5988.91,-18.70,51,0.00
1,5996.86,-18.80,52,0.00
1,5980.96,-13.50,52,0.00
1,5996.86,-22.40,53,0.00
1,5988.91,-19.80,53,0.00
1,5996.86,-15.50,54,0.00
1,5980.96,-14.40,54,0.00
1,5980.96,-13.50,55,0.00
1,5988.91,-23.10,55,0.00
1,5973.00,-12.40,56,0.00
1,5973.00,-20.90,56,0.00
1,5973.00,-16.30,57,0.00
1,5980.96,-23.40,57,0.00
1,5973.00,-12.50,58,0.00
1,5973.00,-21.30,58,0.00
1,5973.00,-17.20,59,0.00
1,5965.05,-14.70,59,0.00
1,5973.00,-24.70,60,0.00
1,5965.05,-13.30,60,0.00
1,5965.05,-17.00,61,0.00
1,5957.10,-20.70,61,0.00
1,5965.05,-24.70,62,0.00
1,5957.10,-14.50,62,0.00
1,5957.10,-24.60,63,0.00
1,5965.05,-20.70,63,0.00
1,5949.14,-18.30,64,0.00
1,5949.14,-16.80,64,0.00
1,5957.10,-27.70,65,0.00
1,5941.19,-15.10,65,0.00
1,5949.14,-23.10,66,0.00
1,5957.10,-22.50,66,0.00
1,5957.10,-27.00,67,0.00
1,5949.14,-16.60,67,0.00
1,5941.19,-26.50,68,0.00
1,5949.14,-27.40,68,0.00
1,5949.14,-23.90,69,0.00
1,5933.24,-21.20,69,0.00
1,5949.14,-30.90,70,0.00
1,5941.19,-17.70,70,0.00
1,5933.24,-26.90,71,0.00
1,5941.19,-27.60,71,0.00
1,5925.28,-20.50,72,0.00
1,5933.24,-31.40,72,0.00
1,5933.24,-21.20,73,0.00
1,5925.28,-24.30,73,0.00
1,5933.24,-29.50,74,0.00
1,5933.24,-31.00,74,0.00
1,5925.28,-20.30,75,0.00
1,5925.28,-31.70,75,0.00
1,5909.38,-29.40,76,0.00
1,5917.33,-31.90,76,0.00
1,5917.33,-34.80,77,0.00
1,5909.38,-22.90,77,0.00
1,5909.38,-31.90,78,0.00
1,5909.38,-28.10,78,0.00
1,5901.42,-25.10,79,0.00
1,5909.38,-35.70,79,0.00
1,5909.38,-24.90,80,0.00
1,5893.47,-34.30,80,0.00
1,5901.42,-33.60,81,0.00
1,5885.51,-26.40,81,0.00
1,5893.47,-39.50,82,0.00
1,5893.47,-30.00,82,0.00
1,5877.56,-35.00,83,0.00
1,5877.56,-33.40,83,0.00
1,5877.56,-40.60,84,0.00
1,5877.56,-37.70,84,0.00
1,5869.61,-41.80,85,0.00
1,5861.65,-31.00,85,0.00
1,5869.61,-37.90,86,0.00
1,5861.65,-42.50,86,0.00
1,5861.65,-44.40,87,0.00
1,5845.75,-36.60,87,0.00
1,5845.75,-34.00,88,0.00
1,5845.75,-43.30,88,0.00
1,5829.84,-41.20,89,0.00
1,5829.84,-35.10,89,0.00
1,5829.84,-44.80,90,0.00
1,5821.89,-47.40,90,0.00
1,5813.93,-49.60,91,0.00
1,5805.98,-44.50,91,0.00
1,5790.07,-40.90,92,0.00
1,5805.98,-48.30,92,0.00
1,5766.21,-49.30,93,0.00
1,5766.21,-42.30,93,0.00
1,5742.35,-49.20,94,0.00
1,5742.35,-45.80,94,0.00
1,5718.49,-54.30,95,0.00
1,5710.54,-50.10,95,0.00
1,5686.68,-45.80,96,0.00
1,5686.68,-51.10,96,0.00
1,5654.87,-53.80,97,0.00
1,5654.87,-55.40,97,0.00
1,5615.10,-48.00,98,0.00
1,5615.10,-51.60,98,0.00
1,5575.33,-46.80,99,0.00
1,5583.29,-53.90,99,0.00
1,5543.52,-53.90,100,0.00
1,5543.52,-48.80,100,0.00
1,5503.75,-50.90,101,0.00
1,5503.75,-57.10,101,0.00
1,5463.98,-49.40,102,0.00
1,5463.98,-50.70,102,0.00
1,5432.17,-54.60,103,0.00
1,5424.22,-50.60,103,0.00
1,5392.40,-55.30,104,0.00
1,5392.40,-48.60,104,0.00
1,5352.64,-51.00,105,0.00
1,5352.64,-55.80,105,0.00
1,5312.87,-54.20,106,0.00
1,5312.87,-54.70,106,0.00
1,5273.10,-47.00,107,0.00
1,5289.01,-48.20,107,0.00
1,5233.34,-49.00,108,0.00
1,5241.29,-57.20,108,0.00
1,5201.52,-50.90,109,0.00
1,5201.52,-47.90,109,0.00
1,5169.71,-55.10,110,0.00
1,5161.76,-53.30,110,0.00
1,5121.99,-47.30,111,0.00
1,5129.94,-55.70,111,0.00
1,5082.22,-55.20,112,0.00
1,5082.22,-47.00,112,0.00
1,5050.41,-50.50,113,0.00
1,5050.41,-53.50,113,0.00
1,5010.64,-50.80,114,0.00
1,5010.64,-50.10,114,0.00
1,4970.87,-56.20,115,0.00
1,4962.92,-51.20,115,0.00
1,4931.11,-49.20,116,0.00
1,4931.11,-56.00,116,0.00
1,4891.34,-52.00,117,0.00
1,4891.34,-57.40,117,0.00
1,4851.57,-49.40,118,0.00
1,4851.57,-50.40,118,0.00
1,4819.76,-57.50,119,0.00
1,4811.81,-51.00,119,0.00
1,4779.99,-48.60,120,0.00
1,4779.99,-55.60,120,0.00
1,4740.23,-54.50,121,0.00
1,4740.23,-57.40,121,0.00
1,4700.46,-50.40,122,0.00
1,4700.46,-50.30,122,0.00
1,4660.69,-49.20,123,0.00
1,4660.69,-51.90,123,0.00
1,4628.88,-56.20,124,0.00
1,4620.92,-49.40,124,0.00
1,4581.16,-50.90,125,0.00
1,4581.16,-56.70,125,0.00
1,4557.30,-50.70,126,0.00
1,4541.39,-49.40,126,0.00
1,4501.62,-57.30,127,0.00
1,4501.62,-53.00,127,0.00
1,4461.86,-57.00,128,0.00
1,4469.81,-48.90,128,0.00
1,4422.09,-56.50,129,0.00
1,4422.09,-49.90,129,0.00
1,4390.28,-51.80,130,0.00
1,4382.32,-56.30,130,0.00
1,4342.56,-51.90,131,0.00
1,4342.56,-49.80,131,0.00
1,4310.74,-56.40,132,0.00
1,4302.79,-51.10,132,0.00
1,4263.02,-56.50,133,0.00
1,4263.02,-49.60,133,0.00
1,4223.25,-49.90,134,0.00
1,4223.25,-56.80,134,0.00
1,4183.49,-51.30,135,0.00
1,4183.49,-49.10,135,0.00
1,4151.67,-56.70,136,0.00
1,4143.72,-49.40,136,0.00
1,4111.91,-57.30,137,0.00
1,4103.95,-53.00,137,0.00
1,4080.09,-57.60,138,0.00
1,4064.19,-48.30,138,0.00
1,4032.37,-51.00,139,0.00
1,4024.42,-57.20,139,0.00
1,3984.65,-48.80,140,0.00
1,3984.65,-49.60,140,0.00
1,3944.89,-57.80,141,0.00
1,3936.93,-53.90,141,0.00
1,3905.12,-57.70,142,0.00
1,3897.17,-49.90,142,0.00
1,3865.35,-50.60,143,0.00
1,3865.35,-58.80,143,0.00
1,3817.63,-51.00,144,0.00
1,3825.58,-57.20,144,0.00
1,3777.86,-51.70,145,0.00
1,3777.86,-50.20,145,0.00
1,3746.05,-58.30,146,0.00
1,3738.10,-53.90,146,0.00
1,3698.33,-49.30,147,0.00
1,3698.33,-56.80,147,0.00
1,3658.56,-53.30,148,0.00
1,3658.56,-57.40,148,0.00
1,3618.80,-48.60,149,0.00
1,3618.80,-51.40,149,0.00
1,3579.03,-58.60,150,0.00
1,3579.03,-53.40,150,0.00
1,3539.26,-50.40,151,0.00
1,3531.31,-54.30,151,0.00
1,3499.50,-55.90,152,0.00
1,3491.54,-48.60,152,0.00
1,3459.73,-53.40,153,0.00
1,3451.77,-57.90,153,0.00
1,3419.96,-50.30,154,0.00
1,3412.01,-52.20,154,0.00
1,3380.19,-57.80,155,0.00
1,3364.29,-52.10,155,0.00
1,3332.47,-50.70,156,0.00
1,3332.47,-58.30,156,0.00
1,3292.71,-54.40,157,0.00
1,3284.75,-49.90,157,0.00
1,3252.94,-55.30,158,0.00
1,3244.99,-50.80,158,0.00
1,3213.17,-48.30,159,0.00
1,3205.22,-54.70,159,0.00
1,3173.41,-57.70,160,0.00
1,3165.45,-49.50,160,0.00
1,3133.64,-58.50,161,0.00
1,3125.69,-50.90,161,0.00
1,3085.92,-49.30,162,0.00
1,3093.87,-59.00,162,0.00
1,3054.10,-54.40,163,0.00
1,3046.15,-49.60,163,0.00
1,3014.34,-58.80,164,0.00
1,3006.38,-57.30,164,0.00
1,2966.62,-49.50,165,0.00
1,2966.62,-54.30,165,0.00
1,2926.85,-57.10,166,0.00
1,2918.90,-58.30,166,0.00
1,2887.08,-54.20,167,0.00
1,2879.13,-49.50,167,0.00
1,2847.32,-51.30,168,0.00
1,2839.36,-59.10,168,0.00
1,2807.55,-53.70,169,0.00
1,2799.60,-50.00,169,0.00
1,2767.78,-57.30,170,0.00
1,2767.78,-52.00,170,0.00
1,2735.97,-58.80,171,0.00
1,2720.06,-52.10,171,0.00
1,2680.30,-48.70,172,0.00
1,2688.25,-59.30,172,0.00
1,2640.53,-53.50,173,0.00
1,2640.53,-48.30,173,0.00
1,2608.71,-53.00,174,0.00
1,2592.81,-51.20,174,0.00
1,2568.95,-59.70,175,0.00
1,2553.04,-54.30,175,0.00
1,2521.23,-49.70,176,0.00
1,2513.27,-59.30,176,0.00
1,2481.46,-55.50,177,0.00
1,2473.51,-49.80,177,0.00
1,2441.69,-48.70,178,0.00
1,2433.74,-53.10,178,0.00
1,2401.93,-59.10,179,0.00
1,2393.97,-53.10,179,0.00
1,2354.21,-58.00,180,0.00
1,2354.21,-49.40,180,0.00
1,2314.44,-53.50,181,0.00
1,2314.44,-49.30,181,0.00
1,2274.67,-56.20,182,0.00
1,2274.67,-57.90,182,0.00
1,2234.91,-49.90,183,0.00
1,2234.91,-54.40,183,0.00
1,2195.14,-59.00,184,0.00
1,2195.14,-51.60,184,0.00
1,2155.37,-52.00,185,0.00
1,2155.37,-59.40,185,0.00
1,2107.65,-54.00,186,0.00
1,2107.65,-49.20,186,0.00
1,2075.84,-58.90,187,0.00
1,2067.88,-54.90,187,0.00
1,2028.12,-49.00,188,0.00
1,2028.12,-49.80,188,0.00
1,1988.35,-54.40,189,0.00
1,1988.35,-58.50,189,0.00
1,1948.58,-58.50,190,0.00
1,1948.58,-49.30,190,0.00
1,1908.82,-57.00,191,0.00
1,1908.82,-59.90,191,0.00
1,1853.14,-50.40,192,0.00
1,1861.10,-55.40,192,0.00
1,1821.33,-60.60,193,0.00
1,1821.33,-52.00,193,0.00
1,1781.56,-50.30,194,0.00
1,1781.56,-60.40,194,0.00
1,1741.79,-53.30,195,0.00
1,1733.84,-49.70,195,0.00
1,1694.07,-59.50,196,0.00
1,1694.07,-58.00,196,0.00
1,1654.31,-60.30,197,0.00
1,1638.40,-53.20,197,0.00
1,1614.54,-51.30,198,0.00
1,1606.59,-59.80,198,0.00
1,1558.87,-53.40,199,0.00
1,1550.91,-52.40,199,0.00
1,1519.10,-60.30,200,0.00
1,1519.10,-54.10,200,0.00
1,1471.38,-51.70,201,0.00
1,1471.38,-58.20,201,0.00
1,1439.57,-56.40,202,0.00
1,1423.66,-50.00,202,0.00
1,1383.89,-57.70,203,0.00
1,1391.84,-57.80,203,0.00
1,1344.12,-50.50,204,0.00
1,1336.17,-56.60,204,0.00
1,1296.40,-50.20,205,0.00
1,1288.45,-56.30,205,0.00
1,1256.64,-60.40,206,0.00
1,1248.68,-50.50,206,0.00
1,1208.92,-55.20,207,0.00
1,1208.92,-61.20,207,0.00
1,1169.15,-59.00,208,0.00
1,1153.24,-56.10,208,0.00
1,1129.38,-60.80,209,0.00
1,1105.52,-51.80,209,0.00
1,1081.66,-54.30,210,0.00
1,1073.71,-60.70,210,0.00
1,1041.90,-53.70,211,0.00
1,1025.99,-52.50,211,0.00
1,994.17,-51.90,212,0.00
1,978.27,-51.10,212,0.00
1,962.36,-60.60,213,0.00
1,946.45,-56.70,213,0.00
1,914.64,-50.30,214,0.00
1,906.69,-59.90,214,0.00
1,882.83,-58.10,215,0.00
1,866.92,-49.60,215,0.00
1,843.06,-55.30,216,0.00
1,843.06,-59.40,216,0.00
1,803.29,-50.10,217,0.00
1,795.34,-54.40,217,0.00
1,763.53,-50.30,218,0.00
1,763.53,-59.80,218,0.00
1,731.71,-54.60,219,0.00
1,715.81,-51.60,219,0.00
1,699.90,-59.30,220,0.00
1,683.99,-56.00,220,0.00
1,660.13,-50.30,221,0.00
1,652.18,-58.10,221,0.00
1,636.27,-57.90,222,0.00
1,620.37,-50.60,222,0.00
1,596.50,-56.30,223,0.00
1,596.50,-59.20,223,0.00
1,564.69,-51.70,224,0.00
1,556.74,-54.90,224,0.00
1,540.83,-61.40,225,0.00
1,532.88,-53.30,225,0.00
1,509.02,-53.50,226,0.00
1,509.02,-60.70,226,0.00
1,485.16,-54.70,227,0.00
1,477.20,-61.30,227,0.00
1,453.34,-50.50,228,0.00
1,453.34,-59.90,228,0.00
1,429.48,-54.60,229,0.00
1,429.48,-60.60,229,0.00
1,405.62,-54.30,230,0.00
1,397.67,-52.90,230,0.00
1,389.72,-60.50,231,0.00
1,381.76,-55.60,231,0.00
1,357.90,-51.70,232,0.00
1,357.90,-59.10,232,0.00
1,342.00,-57.00,233,0.00
1,334.04,-49.60,233,0.00
1,318.14,-56.50,234,0.00
1,318.14,-57.70,234,0.00
1,294.28,-60.50,235,0.00
1,294.28,-56.10,235,0.00
1,270.42,-49.90,236,0.00
1,270.42,-59.70,236,0.00
1,262.46,-57.60,237,0.00
1,254.51,-59.80,237,0.00
1,230.65,-50.20,238,0.00
1,230.65,-51.90,238,0.00
1,214.74,-49.40,239,0.00
1,214.74,-57.30,239,0.00
1,206.79,-57.00,240,0.00
1,198.83,-50.20,240,0.00
1,190.88,-56.00,241,0.00
1,182.93,-60.80,241,0.00
1,167.02,-51.10,242,0.00
1,167.02,-59.70,242,0.00
1,151.11,-50.10,243,0.00
1,151.11,-55.90,243,0.00
1,143.16,-60.50,244,0.00
1,135.21,-51.30,244,0.00
1,119.30,-50.60,245,0.00
1,119.30,-60.50,245,0.00
1,111.35,-53.00,246,0.00
1,103.39,-49.80,246,0.00
1,111.35,-59.80,247,0.00
1,87.49,-55.10,247,0.00
1,87.49,-61.10,248,0.00
1,79.53,-52.00,248,0.00
1,71.58,-50.30,249,0.00
1,63.63,-49.40,249,0.00
1,63.63,-56.20,250,0.00
1,55.67,-49.80,250,0.00
1,47.72,-59.90,251,0.00
1,55.67,-57.80,251,0.00
1,39.77,-49.30,252,0.00
1,39.77,-54.80,252,0.00
1,31.81,-59.70,253,0.00
1,31.81,-49.60,253,0.00
1,39.77,-52.90,254,0.00
1,23.86,-60.70,254,0.00
1,15.91,-53.80,255,100.00
1,15.91,-51.40,255,100.00
1,15.91,-60.90,1,0.00
1,15.91,-55.50,1,0.00
1,2664.39,-29.10,2,0.00
1,5129.94,-32.30,2,0.00
1,5829.84,-11.40,3,0.00
1,5829.84,-4.60,3,0.00
1,5845.75,-8.90,4,0.00
1,5837.79,-6.70,4,0.00
1,5845.75,-13.30,5,0.00
1,5829.84,-8.40,5,0.00
1,5829.84,-5.20,6,0.00
1,5845.75,-12.50,6,0.00
1,5829.84,-10.00,7,0.00
1,5829.84,-4.30,7,0.00
1,5837.79,-11.20,8,0.00
1,5829.84,-11.60,8,0.00
1,5821.89,-5.00,9,0.00
1,5837.79,-9.40,9,0.00
1,5837.79,-14.80,10,0.00
1,5837.79,-13.50,10,0.00
1,5821.89,-9.60,11,0.00
1,5829.84,-4.90,11,0.00
1,5837.79,-12.40,12,0.00
1,5821.89,-11.00,12,0.00
1,5837.79,-14.80,13,0.00
1,5829.84,-8.90,13,0.00
1,5829.84,-5.80,14,0.00
1,5821.89,-4.20,14,0.00
1,5837.79,-11.40,15,0.00
1,5821.89,-12.90,15,0.00
1,5821.89,-6.00,16,0.00
1,5829.84,-8.90,16,0.00
1,5829.84,-14.10,17,0.00
1,5813.93,-7.70,17,0.00
1,5813.93,-11.00,18,0.00
1,5821.89,-5.00,18,0.00
1,5829.84,-15.00,19,0.00
1,5813.93,-12.40,19,0.00
1,5813.93,-4.90,20,0.00
1,5829.84,-10.70,20,0.00
1,5821.89,-14.30,21,0.00
1,5813.93,-5.50,21,0.00
1,5821.89,-8.70,22,0.00
1,5821.89,-15.50,22,0.00
1,5829.84,-11.90,23,0.00
1,5813.93,-14.00,23,0.00
1,5813.93,-5.40,24,0.00
1,5821.89,-9.80,24,0.00
1,5821.89,-7.50,25,0.00
1,5805.98,-5.60,25,0.00
1,5821.89,-12.10,26,0.00
1,5813.93,-16.50,26,0.00
1,5805.98,-7.00,27,0.00
1,5813.93,-10.50,27,0.00
1,5813.93,-16.50,28,0.00
1,5805.98,-9.00,28,0.00
1,5813.93,-6.20,29,0.00
1,5821.89,-16.10,29,0.00
1,5805.98,-11.20,30,0.00
1,5805.98,-5.60,30,0.00
1,5813.93,-14.60,31,0.00
1,5805.98,-15.80,31,0.00
1,5798.03,-6.30,32,0.00
1,5813.93,-13.10,32,0.00
1,5805.98,-16.30,33,0.00
1,5798.03,-6.40,33,0.00
1,5821.89,-16.30,34,0.00
1,5798.03,-9.30,34,0.00
1,5798.03,-12.40,35,0.00
1,5805.98,-7.50,35,0.00
1,5805.98,-17.70,36,0.00
1,5798.03,-7.90,36,0.00
1,5813.93,-15.90,37,0.00
1,5798.03,-11.10,37,0.00
1,5805.98,-9.40,38,0.00
1,5805.98,-17.80,38,0.00
1,5790.07,-7.20,39,0.00
1,5805.98,-16.80,39,0.00
1,5790.07,-10.70,40,0.00
1,5798.03,-17.20,40,0.00
1,5790.07,-7.80,41,0.00
1,5805.98,-18.30,41,0.00
1,5790.07,-10.10,42,0.00
1,5798.03,-10.60,42,0.00
1,5790.07,-7.70,43,0.00
1,5798.03,-19.70,43,0.00
1,5782.12,-11.30,44,0.00
1,5798.03,-14.30,44,0.00
1,5790.07,-11.60,45,0.00
1,5790.07,-19.70,45,0.00
1,5782.12,-8.30,46,0.00
1,5798.03,-17.10,46,0.00
1,5790.07,-12.70,47,0.00
1,5790.07,-10.20,47,0.00
1,5790.07,-10.20,48,0.00
1,5790.07,-21.00,48,0.00
1,5774.17,-8.80,49,0.00
1,5790.07,-15.50,49,0.00
1,5782.12,-15.10,50,0.00
1,5790.07,-9.10,50,0.00
1,5790.07,-21.10,51,0.00
1,5774.17,-9.20,51,0.00
1,5790.07,-17.90,52,0.00
1,5782.12,-14.50,52,0.00
1,5782.12,-21.30,53,0.00
1,5774.17,-9.70,53,0.00
1,5790.07,-21.30,54,0.00
1,5774.17,-15.30,54,0.00
1,5782.12,-15.30,55,0.00
1,5774.17,-21.00,55,0.00
1,5774.17,-10.60,56,0.00
1,5782.12,-21.80,56,0.00
1,5766.21,-13.50,57,0.00
1,5782.12,-18.30,57,0.00
1,5774.17,-20.10,58,0.00
1,5766.21,-11.20,58,0.00
1,5774.17,-23.50,59,0.00
1,5766.21,-12.80,59,0.00
1,5774.17,-21.20,60,0.00
1,5766.21,-19.30,60,0.00
1,5766.21,-13.30,61,0.00
1,5774.17,-23.00,61,0.00
1,5766.21,-13.10,62,0.00
1,5774.17,-22.80,62,0.00
1,5766.21,-24.20,63,0.00
1,5758.26,-17.00,63,0.00
1,5750.31,-12.20,64,0.00
1,5766.21,-24.90,64,0.00
1,5766.21,-17.70,65,0.00
1,5766.21,-25.10,65,0.00
1,5750.31,-17.10,66,0.00
1,5750.31,-17.10,66,0.00
1,5758.26,-26.30,67,0.00
1,5742.35,-19.50,67,0.00
1,5750.31,-13.80,68,0.00
1,5750.31,-25.70,68,0.00
1,5750.31,-22.50,69,0.00
1,5742.35,-14.70,69,0.00
1,5750.31,-24.90,70,0.00
1,5742.35,-26.80,70,0.00
1,5742.35,-28.50,71,0.00
1,5742.35,-22.80,71,0.00
1,5742.35,-15.60,72,0.00
1,5742.35,-17.70,72,0.00
1,5742.35,-19.70,73,0.00
1,5742.35,-29.90,73,0.00
1,5726.45,-23.80,74,0.00
1,5734.40,-18.00,74,0.00
1,5742.35,-30.70,75,0.00
1,5734.40,-25.20,75,0.00
1,5726.45,-30.40,76,0.00
1,5726.45,-20.30,76,0.00
1,5726.45,-21.20,77,0.00
1,5734.40,-31.30,77,0.00
1,5710.54,-22.80,78,0.00
1,5718.49,-29.70,78,0.00
1,5718.49,-21.70,79,0.00
1,5718.49,-25.80,79,0.00
1,5718.49,-32.50,80,0.00
1,5710.54,-23.70,80,0.00
1,5710.54,-26.00,81,0.00
1,5718.49,-34.20,81,0.00
1,5702.59,-27.30,82,0.00
1,5710.54,-33.20,82,0.00
1,5694.63,-23.90,83,0.00
1,5710.54,-28.00,83,0.00
1,5702.59,-35.30,84,0.00
1,5694.63,-27.20,84,0.00
1,5694.63,-29.00,85,0.00
1,5694.63,-26.30,85,0.00
1,5678.73,-27.30,86,0.00
1,5686.68,-29.10,86,0.00
1,5686.68,-38.60,87,0.00
1,5678.73,-29.40,87,0.00
1,5678.73,-27.60,88,0.00
1,5678.73,-39.30,88,0.00
1,5670.77,-36.00,89,0.00
1,5670.77,-28.00,89,0.00
1,5678.73,-42.20,90,0.00
1,5662.82,-39.70,90,0.00
1,5646.91,-31.50,91,0.00
1,5662.82,-40.90,91,0.00
1,5654.87,-42.40,92,0.00
1,5654.87,-44.40,92,0.00
1,5638.96,-42.00,93,0.00
1,5646.91,-45.20,93,0.00
1,5631.01,-36.70,94,0.00
1,5631.01,-38.60,94,0.00
1,5631.01,-48.10,95,0.00
1,5631.01,-42.50,95,0.00
1,5607.15,-49.10,96,0.00
1,5607.15,-38.30,96,0.00
1,5591.24,-45.90,97,0.00
1,5599.19,-51.20,97,0.00
1,5575.33,-44.90,98,0.00
1,5575.33,-43.90,98,0.00
1,5551.47,-53.80,99,0.00
1,5551.47,-49.40,99,0.00
1,5527.61,-45.70,100,0.00
1,5535.57,-51.20,100,0.00
1,5495.80,-47.90,101,0.00
1,5503.75,-54.60,101,0.00
1,5471.94,-51.40,102,0.00
1,5463.98,-55.50,102,0.00
1,5424.22,-48.40,103,0.00
1,5424.22,-49.70,103,0.00
1,5392.40,-56.30,104,0.00
1,5384.45,-49.80,104,0.00
1,5352.64,-49.80,105,0.00
1,5360.59,-55.60,105,0.00
1,5320.82,-54.20,106,0.00
1,5312.87,-53.60,106,0.00
1,5281.06,-47.70,107,0.00
1,5281.06,-52.30,107,0.00
1,5249.24,-55.20,108,0.00
1,5249.24,-56.70,108,0.00
1,5201.52,-54.50,109,0.00
1,5201.52,-48.70,109,0.00
1,5169.71,-52.30,110,0.00
1,5169.71,-54.90,110,0.00
1,5121.99,-50.10,111,0.00
1,5129.94,-53.30,111,0.00
1,5090.18,-48.40,112,0.00
1,5082.22,-55.30,112,0.00
1,5050.41,-54.90,113,0.00
1,5050.41,-48.20,113,0.00
1,5018.59,-52.20,114,0.00
1,5010.64,-54.90,114,0.00
1,4978.83,-48.10,115,0.00
1,4978.83,-50.30,115,0.00
1,4939.06,-57.60,116,0.00
1,4931.11,-51.70,116,0.00
1,4899.29,-49.80,117,0.00
1,4899.29,-55.80,117,0.00
1,4851.57,-53.90,118,0.00
1,4859.53,-47.70,118,0.00
1,4819.76,-55.80,119,0.00
1,4819.76,-53.50,119,0.00
1,4779.99,-48.10,120,0.00
1,4779.99,-52.40,120,0.00
1,4740.23,-48.50,121,0.00
1,4740.23,-55.50,121,0.00
1,4700.46,-53.00,122,0.00
1,4700.46,-48.50,122,0.00
1,4668.65,-55.10,123,0.00
1,4660.69,-48.50,123,0.00
1,4628.88,-56.80,124,0.00
1,4620.92,-53.30,124,0.00
1,4581.16,-48.70,125,0.00
1,4589.11,-52.70,125,0.00
1,4549.34,-51.80,126,0.00
1,4549.34,-57.00,126,0.00
1,4501.62,-48.80,127,0.00
1,4501.62,-49.10,127,0.00
1,4469.81,-57.90,128,0.00
1,4461.86,-52.20,128,0.00
1,4430.04,-49.50,129,0.00
1,4430.04,-54.50,129,0.00
1,4390.28,-52.90,130,0.00
1,4390.28,-58.20,130,0.00
1,4350.51,-54.80,131,0.00
1,4350.51,-55.50,131,0.00
1,4310.74,-48.70,132,0.00
1,4310.74,-54.40,132,0.00
1,4270.98,-57.00,133,0.00
1,4270.98,-50.30,133,0.00
1,4231.21,-51.70,134,0.00
1,4231.21,-57.00,134,0.00
1,4191.44,-51.30,135,0.00
1,4191.44,-49.60,135,0.00
1,4151.67,-57.80,136,0.00
1,4151.67,-55.50,136,0.00
1,4111.91,-57.10,137,0.00
1,4103.95,-49.50,137,0.00
1,4072.14,-53.20,138,0.00
1,4072.14,-57.00,138,0.00
1,4032.37,-53.90,139,0.00
1,4024.42,-53.80,139,0.00
1,3984.65,-54.00,140,0.00
1,3984.65,-58.00,140,0.00
1,3944.89,-48.50,141,0.00
1,3944.89,-52.20,141,0.00
1,3905.12,-58.80,142,0.00
1,3897.17,-50.00,142,0.00
1,3865.35,-48.90,143,0.00
1,3865.35,-57.50,143,0.00
1,3825.58,-52.40,144,0.00
1,3817.63,-47.60,144,0.00
1,3785.82,-56.40,145,0.00
1,3777.86,-55.90,145,0.00
1,3738.10,-48.50,146,0.00
1,3738.10,-55.70,146,0.00
1,3698.33,-54.50,147,0.00
1,3690.38,-49.30,147,0.00
1,3658.56,-53.70,148,0.00
1,3650.61,-55.30,148,0.00
1,3618.80,-49.00,149,0.00
1,3618.80,-54.40,149,0.00
1,3579.03,-48.30,150,0.00
1,3586.98,-55.20,150,0.00
1,3539.26,-55.50,151,0.00
1,3531.31,-47.80,151,0.00
1,3491.54,-53.20,152,0.00
1,3491.54,-57.40,152,0.00
1,3451.77,-50.20,153,0.00
1,3451.77,-51.70,153,0.00
1,3412.01,-48.20,154,0.00
1,3412.01,-56.10,154,0.00
1,3372.24,-57.00,155,0.00
1,3380.19,-49.10,155,0.00
1,3332.47,-54.80,156,0.00
1,3332.47,-49.40,156,0.00
1,3292.71,-57.10,157,0.00
1,3284.75,-53.20,157,0.00
1,3244.99,-48.40,158,0.00
1,3244.99,-55.50,158,0.00
1,3205.22,-50.20,159,0.00
1,3205.22,-57.50,159,0.00
1,3173.41,-53.60,160,0.00
1,3165.45,-48.80,160,0.00
1,3133.64,-55.30,161,0.00
1,3125.69,-49.50,161,0.00
1,3085.92,-58.60,162,0.00
1,3085.92,-53.70,162,0.00
1,3046.15,-49.00,163,0.00
1,3046.15,-59.40,163,0.00
1,3006.38,-55.80,164,0.00
1,2998.43,-47.90,164,0.00
1,2966.62,-54.00,165,0.00
1,2966.62,-57.20,165,0.00
1,2918.90,-48.60,166,0.00
1,2918.90,-52.10,166,0.00
1,2879.13,-49.10,167,0.00
1,2879.13,-58.40,167,0.00
1,2847.32,-53.60,168,0.00
1,2839.36,-59.00,168,0.00
1,2799.60,-52.80,169,0.00
1,2799.60,-59.00,169,0.00
1,2759.83,-50.50,170,0.00
1,2759.83,-49.30,170,0.00
1,2720.06,-57.90,171,0.00
1,2720.06,-52.80,171,0.00
1,2680.30,-48.20,172,0.00
1,2680.30,-58.00,172,0.00
1,2640.53,-57.20,173,0.00
1,2632.57,-48.90,173,0.00
1,2592.81,-55.70,174,0.00
1,2592.81,-58.00,174,0.00
1,2553.04,-49.30,175,0.00
1,2553.04,-51.80,175,0.00
1,2513.27,-59.50,176,0.00
1,2513.27,-53.80,176,0.00
1,2473.51,-49.60,177,0.00
1,2465.55,-59.50,177,0.00
1,2433.74,-53.10,178,0.00
1,2425.79,-58.90,178,0.00
1,2393.97,-50.60,179,0.00
1,2386.02,-49.90,179,0.00
1,2354.21,-59.30,180,0.00
1,2346.25,-54.30,180,0.00
1,2314.44,-50.20,181,0.00
1,2306.49,-58.40,181,0.00
1,2274.67,-55.90,182,0.00
1,2258.77,-49.30,182,0.00
1,2234.91,-54.20,183,0.00
1,2226.95,-57.30,183,0.00
1,2195.14,-56.70,184,0.00
1,2179.23,-56.50,184,0.00
1,2147.42,-50.00,185,0.00
1,2139.46,-53.20,185,0.00
1,2115.60,-58.00,186,0.00
1,2099.70,-51.10,186,0.00
1,2067.88,-57.10,187,0.00
1,2059.93,-59.30,187,0.00
1,2020.16,-54.20,188,0.00
1,2012.21,-49.20,188,0.00
1,1988.35,-59.80,189,0.00
1,1972.44,-55.90,189,0.00
1,1940.63,-49.50,190,0.00
1,1932.68,-54.50,190,0.00
1,1900.86,-57.80,191,0.00
1,1892.91,-58.90,191,0.00
1,1853.14,-54.60,192,0.00
1,1845.19,-49.30,192,0.00
1,1813.37,-57.70,193,0.00
1,1813.37,-55.30,193,0.00
1,1765.65,-49.60,194,0.00
1,1765.65,-55.30,194,0.00
1,1725.89,-59.10,195,0.00
1,1717.93,-49.90,195,0.00
1,1678.17,-53.30,196,0.00
1,1686.12,-59.50,196,0.00
1,1638.40,-53.40,197,0.00
1,1630.45,-51.10,197,0.00
1,1598.63,-58.60,198,0.00
1,1590.68,-55.20,198,0.00
1,1550.91,-60.30,199,0.00
1,1535.01,-51.10,199,0.00
1,1511.15,-50.10,200,0.00
1,1495.24,-60.30,200,0.00
1,1463.43,-52.40,201,0.00
1,1447.52,-48.80,201,0.00
1,1423.66,-59.60,202,0.00
1,1407.75,-57.60,202,0.00
1,1367.98,-48.60,203,0.00
1,1360.03,-57.90,203,0.00
1,1336.17,-59.10,204,0.00
1,1328.22,-50.10,204,0.00
1,1288.45,-52.30,205,0.00
1,1272.54,-60.10,205,0.00
1,1240.73,-50.90,206,0.00
1,1224.82,-49.30,206,0.00
1,1185.06,-49.20,207,0.00
1,1185.06,-53.20,207,0.00
1,1145.29,-60.10,208,0.00
1,1137.34,-49.90,208,0.00
1,1097.57,-51.70,209,0.00
1,1097.57,-60.30,209,0.00
1,1065.76,-52.00,210,0.00
1,1057.80,-49.70,210,0.00
1,1025.99,-59.20,211,0.00
1,1018.04,-56.70,211,0.00
1,978.27,-49.50,212,0.00
1,970.31,-57.80,212,0.00
1,946.45,-58.40,213,0.00
1,930.55,-48.90,213,0.00
1,898.73,-52.50,214,0.00
1,890.78,-49.30,214,0.00
1,866.92,-57.20,215,0.00
1,858.97,-56.20,215,0.00
1,819.20,-53.10,216,0.00
1,819.20,-59.50,216,0.00
1,795.34,-60.30,217,0.00
1,779.43,-52.50,217,0.00
1,747.62,-49.40,218,0.00
1,747.62,-58.80,218,0.00
1,715.81,-57.60,219,0.00
1,707.85,-49.40,219,0.00
1,683.99,-57.40,220,0.00
1,676.04,-59.50,220,0.00
1,652.18,-50.00,221,0.00
1,644.23,-51.80,221,0.00
1,612.41,-49.20,222,0.00
1,612.41,-56.80,222,0.00
1,588.55,-57.00,223,0.00
1,580.60,-50.30,223,0.00
1,556.74,-54.40,224,0.00
1,548.78,-59.90,224,0.00
1,524.92,-52.00,225,0.00
1,516.97,-52.40,225,0.00
1,493.11,-50.30,226,0.00
1,493.11,-55.30,226,0.00
1,469.25,-52.70,227,0.00
1,477.20,-59.60,227,0.00
1,453.34,-53.60,228,0.00
1,445.39,-49.50,228,0.00
1,421.53,-58.60,229,0.00
1,421.53,-52.10,229,0.00
1,405.62,-60.30,230,0.00
1,397.67,-54.30,230,0.00
1,381.76,-50.20,231,0.00
1,381.76,-59.70,231,0.00
1,357.90,-56.50,232,0.00
1,349.95,-49.30,232,0.00
1,334.04,-55.60,233,0.00
1,334.04,-58.30,233,0.00
1,318.14,-49.50,234,0.00
1,310.18,-53.50,234,0.00
1,302.23,-59.90,235,0.00
1,294.28,-52.70,235,0.00
1,278.37,-58.10,236,0.00
1,270.42,-49.20,236,0.00
1,254.51,-54.60,237,0.00
1,246.56,-59.20,237,0.00
1,230.65,-52.20,238,0.00
1,230.65,-52.50,238,0.00
1,222.70,-60.00,239,0.00
1,214.74,-53.70,239,0.00
1,198.83,-50.90,240,0.00
1,198.83,-58.30,240,0.00
1,182.93,-56.00,241,0.00
1,174.97,-49.60,241,0.00
1,167.02,-56.70,242,0.00
1,167.02,-57.70,242,0.00
1,151.11,-50.80,243,0.00
1,143.16,-54.40,243,0.00
1,159.07,-60.80,244,0.00
1,127.25,-55.50,244,0.00
1,127.25,-60.50,245,0.00
1,119.30,-58.40,245,0.00
1,111.35,-59.30,246,0.00
1,103.39,-49.70,246,0.00
1,95.44,-56.00,247,0.00
1,87.49,-50.60,247,0.00
1,87.49,-60.50,248,0.00
1,79.53,-53.30,248,0.00
1,63.63,-49.40,249,0.00
1,71.58,-59.00,249,0.00
1,63.63,-58.30,250,0.00
1,55.67,-49.30,250,0.00
1,47.72,-57.60,251,0.00
1,47.72,-59.80,251,0.00
1,39.77,-58.80,252,0.00
1,39.77,-55.90,252,0.00
1,31.81,-49.70,253,0.00
1,31.81,-56.40,253,0.00
1,23.86,-57.90,254,0.00
1,23.86,-50.90,254,0.00
1,23.86,-54.10,255,100.00
1,15.91,-60.00,255,100.00
1,7.95,-50.80,1,0.00
1,15.91,-61.00,1,0.00
1,2672.34,-30.90,2,0.00
1,4430.04,-26.90,2,0.00
1,5678.73,-4.10,3,0.00
1,5694.63,-6.40,3,0.00
1,5694.63,-14.00,4,0.00
1,5678.73,-5.40,4,0.00
1,5686.68,-11.20,5,0.00
1,5678.73,-4.30,5,0.00
1,5694.63,-8.70,6,0.00
1,5694.63,-12.60,6,0.00
1,5678.73,-6.40,7,0.00
1,5694.63,-6.60,7,0.00
1,5694.63,-13.60,8,0.00
1,5678.73,-8.20,8,0.00
1,5686.68,-3.50,9,0.00
1,5694.63,-12.40,9,0.00
1,5678.73,-10.10,10,0.00
1,5678.73,-4.10,10,0.00
1,5678.73,-7.90,11,0.00
1,5686.68,-3.80,11,0.00
1,5694.63,-13.10,12,0.00
1,5686.68,-4.20,12,0.00
1,5678.73,-3.50,13,0.00
1,5694.63,-12.10,13,0.00
1,5678.73,-13.80,14,0.00
1,5678.73,-4.60,14,0.00
1,5686.68,-6.90,15,0.00
1,5686.68,-14.70,15,0.00
1,5670.77,-6.00,16,0.00
1,5678.73,-5.40,16,0.00
1,5686.68,-15.00,17,0.00
1,5670.77,-11.30,17,0.00
1,5678.73,-4.60,18,0.00
1,5686.68,-14.30,18,0.00
1,5678.73,-13.10,19,0.00
1,5670.77,-4.10,19,0.00
1,5670.77,-9.10,20,0.00
1,5670.77,-4.70,20,0.00
1,5686.68,-13.80,21,0.00
1,5678.73,-8.70,21,0.00
1,5678.73,-16.00,22,0.00
1,5670.77,-9.10,22,0.00
1,5670.77,-11.20,23,0.00
1,5670.77,-4.90,23,0.00
1,5678.73,-12.20,24,0.00
1,5670.77,-13.20,24,0.00
1,5662.82,-6.40,25,0.00
1,5678.73,-10.30,25,0.00
1,5678.73,-16.20,26,0.00
1,5662.82,-8.30,26,0.00
1,5670.77,-8.20,27,0.00
1,5662.82,-5.00,27,0.00
1,5678.73,-9.90,28,0.00
1,5670.77,-16.00,28,0.00
1,5662.82,-6.60,29,0.00
1,5670.77,-7.80,29,0.00
1,5678.73,-17.00,30,0.00
1,5662.82,-11.40,30,0.00
1,5670.77,-6.80,31,0.00
1,5662.82,-6.00,31,0.00
1,5670.77,-9.00,32,0.00
1,5670.77,-17.70,32,0.00
1,5654.87,-8.30,33,0.00
1,5662.82,-16.20,33,0.00
1,5662.82,-7.20,34,0.00
1,5686.68,-12.60,34,0.00
1,5662.82,-6.10,35,0.00
1,5670.77,-13.60,35,0.00
1,5662.82,-15.00,36,0.00
1,5654.87,-5.70,36,0.00
1,5670.77,-11.90,37,0.00
1,5662.82,-16.80,37,0.00
1,5654.87,-8.70,38,0.00
1,5662.82,-10.00,38,0.00
1,5662.82,-17.80,39,0.00
1,5654.87,-11.60,39,0.00
1,5654.87,-8.40,40,0.00
1,5662.82,-16.50,40,0.00
1,5654.87,-13.70,41,0.00
1,5662.82,-15.30,41,0.00
1,5654.87,-17.90,42,0.00
1,5662.82,-18.40,42,0.00
1,5662.82,-10.40,43,0.00
1,5654.87,-18.50,43,0.00
1,5646.91,-9.00,44,0.00
1,5654.87,-8.60,44,0.00
1,5662.82,-19.70,45,0.00
1,5646.91,-14.60,45,0.00
1,5654.87,-7.90,46,0.00
1,5662.82,-18.40,46,0.00
1,5646.91,-16.30,47,0.00
1,5646.91,-7.20,47,0.00
1,5662.82,-16.80,48,0.00
1,5646.91,-19.00,48,0.00
1,5646.91,-8.50,49,0.00
1,5654.87,-12.00,49,0.00
1,5654.87,-20.50,50,0.00
1,5654.87,-9.40,50,0.00
1,5654.87,-19.80,51,0.00
1,5654.87,-15.50,51,0.00
1,5654.87,-21.30,52,0.00
1,5638.96,-10.80,52,0.00
1,5646.91,-10.10,53,0.00
1,5638.96,-8.50,53,0.00
1,5654.87,-20.40,54,0.00
1,5638.96,-15.70,54,0.00
1,5638.96,-8.80,55,0.00
1,5646.91,-17.90,55,0.00
1,5638.96,-21.00,56,0.00
1,5631.01,-9.90,56,0.00
1,5646.91,-15.90,57,0.00
1,5638.96,-22.00,57,0.00
1,5646.91,-14.00,58,0.00
1,5638.96,-22.10,58,0.00
1,5631.01,-15.20,59,0.00
1,5638.96,-12.00,59,0.00
1,5646.91,-23.30,60,0.00
1,5623.05,-18.20,60,0.00
1,5638.96,-22.40,61,0.00
1,5631.01,-12.00,61,0.00
1,5631.01,-13.50,62,0.00
1,5631.01,-23.80,62,0.00
1,5623.05,-18.80,63,0.00
1,5631.01,-20.90,63,0.00
1,5623.05,-11.60,64,0.00
1,5638.96,-17.70,64,0.00
1,5623.05,-22.50,65,0.00
1,5631.01,-25.10,65,0.00
1,5615.10,-16.20,66,0.00
1,5623.05,-15.60,66,0.00
1,5623.05,-24.30,67,0.00
1,5623.05,-18.10,67,0.00
1,5615.10,-12.60,68,0.00
1,5631.01,-23.10,68,0.00
1,5615.10,-20.90,69,0.00
1,5615.10,-13.00,69,0.00
1,5623.05,-22.40,70,0.00
1,5615.10,-26.60,70,0.00
1,5623.05,-25.00,71,0.00
1,5615.10,-21.60,71,0.00
1,5607.15,-15.20,72,0.00
1,5615.10,-23.90,72,0.00
1,5599.19,-16.70,73,0.00
1,5607.15,-15.30,73,0.00
1,5615.10,-26.00,74,0.00
1,5607.15,-27.10,74,0.00
1,5599.19,-16.80,75,0.00
1,5615.10,-21.40,75,0.00
1,5599.19,-28.90,76,0.00
1,5599.19,-18.20,76,0.00
1,5599.19,-19.60,77,0.00
1,5607.15,-30.40,77,0.00
1,5591.24,-23.70,78,0.00
1,5599.19,-18.70,78,0.00
1,5599.19,-30.20,79,0.00
1,5591.24,-27.00,79,0.00
1,5583.29,-18.60,80,0.00
1,5583.29,-19.30,80,0.00
1,5591.24,-25.10,81,0.00
1,5583.29,-18.30,81,0.00
1,5591.24,-30.90,82,0.00
1,5583.29,-32.20,82,0.00
1,5575.33,-21.60,83,0.00
1,5575.33,-24.20,83,0.00
1,5583.29,-26.00,84,0.00
1,5583.29,-34.00,84,0.00
1,5575.33,-27.50,85,0.00
1,5567.38,-21.50,85,0.00
1,5575.33,-35.10,86,0.00
1,5567.38,-29.50,86,0.00
1,5567.38,-24.00,87,0.00
1,5567.38,-33.50,87,0.00
1,5559.43,-27.20,88,0.00
1,5567.38,-36.10,88,0.00
1,5551.47,-33.30,89,0.00
1,5559.43,-25.50,89,0.00
1,5559.43,-35.70,90,0.00
1,5551.47,-35.50,90,0.00
1,5551.47,-31.10,91,0.00
1,5551.47,-40.60,91,0.00
1,5535.57,-29.70,92,0.00
1,5543.52,-31.40,92,0.00
1,5543.52,-42.70,93,0.00
1,5543.52,-35.80,93,0.00
1,5527.61,-40.80,94,0.00
1,5527.61,-31.00,94,0.00
1,5527.61,-41.20,95,0.00
1,5519.66,-43.00,95,0.00
1,5519.66,-44.70,96,0.00
1,5511.71,-39.40,96,0.00
1,5503.75,-35.00,97,0.00
1,5511.71,-44.30,97,0.00
1,5495.80,-45.40,98,0.00
1,5495.80,-36.10,98,0.00
1,5487.85,-44.30,99,0.00
1,5487.85,-50.30,99,0.00
1,5463.98,-41.20,100,0.00
1,5471.94,-46.10,100,0.00
1,5456.03,-41.50,101,0.00
1,5456.03,-52.20,101,0.00
1,5432.17,-45.90,102,0.00
1,5440.12,-48.70,102,0.00
1,5408.31,-51.20,103,0.00
1,5416.26,-54.20,103,0.00
1,5384.45,-54.60,104,0.00
1,5376.50,-46.60,104,0.00
1,5352.64,-50.80,105,0.00
1,5352.64,-56.00,105,0.00
1,5320.82,-48.60,106,0.00
1,5320.82,-57.40,106,0.00
1,5281.06,-51.40,107,0.00
1,5289.01,-53.70,107,0.00
1,5249.24,-55.80,108,0.00
1,5241.29,-49.20,108,0.00
1,5209.48,-56.70,109,0.00
1,5201.52,-52.90,109,0.00
1,5177.66,-55.40,110,0.00
1,5169.71,-47.80,110,0.00
1,5129.94,-51.80,111,0.00
1,5129.94,-51.00,111,0.00
1,5098.13,-56.20,112,0.00
1,5090.18,-49.10,112,0.00
1,5058.36,-57.90,113,0.00
1,5050.41,-52.20,113,0.00
1,5018.59,-52.10,114,0.00
1,5018.59,-50.20,114,0.00
1,5002.69,-57.70,115,0.00
1,4978.83,-49.60,115,0.00
1,4947.01,-54.80,116,0.00
1,4939.06,-53.20,116,0.00
1,4899.29,-52.60,117,0.00
1,4899.29,-57.20,117,0.00
1,4859.53,-49.60,118,0.00
1,4859.53,-53.50,118,0.00
1,4827.71,-49.20,119,0.00
1,4819.76,-50.50,119,0.00
1,4787.95,-50.50,120,0.00
1,4787.95,-58.00,120,0.00
1,4748.18,-52.20,121,0.00
1,4748.18,-50.90,121,0.00
1,4708.41,-56.90,122,0.00
1,4708.41,-53.50,122,0.00
1,4668.65,-48.20,123,0.00
1,4668.65,-53.70,123,0.00
1,4628.88,-54.70,124,0.00
1,4628.88,-57.40,124,0.00
1,4589.11,-53.40,125,0.00
1,4589.11,-49.70,125,0.00
1,4549.34,-53.50,126,0.00
1,4549.34,-49.30,126,0.00
1,4517.53,-54.60,127,0.00
1,4509.58,-55.40,127,0.00
1,4469.81,-49.10,128,0.00
1,4469.81,-54.40,128,0.00
1,4438.00,-50.50,129,0.00
1,4438.00,-57.30,129,0.00
1,4390.28,-53.10,130,0.00
1,4390.28,-48.20,130,0.00
1,4350.51,-54.90,131,0.00
1,4350.51,-54.80,131,0.00
1,4310.74,-48.40,132,0.00
1,4310.74,-51.60,132,0.00
1,4270.98,-56.40,133,0.00
1,4270.98,-56.10,133,0.00
1,4239.16,-53.60,134,0.00
1,4231.21,-57.00,134,0.00
1,4199.39,-49.60,135,0.00
1,4191.44,-52.30,135,0.00
1,4159.63,-58.90,136,0.00
1,4151.67,-51.70,136,0.00
1,4119.86,-50.10,137,0.00
1,4119.86,-56.70,137,0.00
1,4080.09,-54.20,138,0.00
1,4072.14,-57.90,138,0.00
1,4032.37,-50.90,139,0.00
1,4032.37,-51.60,139,0.00
1,3992.61,-58.40,140,0.00
1,3992.61,-53.90,140,0.00
1,3968.75,-58.80,141,0.00
1,3944.89,-50.80,141,0.00
1,3913.07,-51.10,142,0.00
1,3905.12,-58.90,142,0.00
1,3873.31,-51.20,143,0.00
1,3865.35,-48.50,143,0.00
1,3833.54,-57.80,144,0.00
1,3825.58,-54.80,144,0.00
1,3793.77,-57.40,145,0.00
1,3785.82,-50.30,145,0.00
1,3746.05,-53.00,146,0.00
1,3746.05,-59.70,146,0.00
1,3706.28,-50.30,147,0.00
1,3698.33,-50.70,147,0.00
1,3658.56,-49.40,148,0.00
1,3658.56,-54.30,148,0.00
1,3626.75,-50.50,149,0.00
1,3642.66,-58.60,149,0.00
1,3586.98,-56.80,150,0.00
1,3579.03,-49.60,150,0.00
1,3547.22,-52.90,151,0.00
1,3539.26,-57.30,151,0.00
1,3499.50,-49.00,152,0.00
1,3499.50,-50.80,152,0.00
1,3467.68,-58.90,153,0.00
1,3451.77,-53.20,153,0.00
1,3419.96,-50.20,154,0.00
1,3419.96,-58.90,154,0.00
1,3380.19,-58.20,155,0.00
1,3372.24,-57.60,155,0.00
1,3340.43,-48.30,156,0.00
1,3332.47,-53.40,156,0.00
1,3292.71,-49.20,157,0.00
1,3292.71,-50.50,157,0.00
1,3260.89,-51.80,158,0.00
1,3252.94,-59.80,158,0.00
1,3221.13,-52.50,159,0.00
1,3205.22,-49.70,159,0.00
1,3181.36,-56.70,160,0.00
1,3165.45,-54.80,160,0.00
1,3133.64,-48.90,161,0.00
1,3133.64,-55.30,161,0.00
1,3093.87,-55.90,162,0.00
1,3085.92,-49.40,162,0.00
1,3054.10,-52.50,163,0.00
1,3046.15,-57.60,163,0.00
1,3014.34,-58.10,164,0.00
1,3006.38,-53.90,164,0.00
1,2974.57,-58.40,165,0.00
1,2966.62,-53.90,165,0.00
1,2926.85,-49.50,166,0.00
1,2926.85,-57.40,166,0.00
1,2887.08,-52.50,167,0.00
1,2887.08,-59.30,167,0.00
1,2847.32,-54.20,168,0.00
1,2847.32,-49.80,168,0.00
1,2807.55,-58.10,169,0.00
1,2807.55,-55.60,169,0.00
1,2759.83,-49.00,170,0.00
1,2767.78,-56.70,170,0.00
1,2728.02,-56.60,171,0.00
1,2720.06,-57.40,171,0.00
1,2680.30,-58.70,172,0.00
1,2680.30,-49.60,172,0.00
1,2640.53,-55.40,173,0.00
1,2640.53,-59.90,173,0.00
1,2600.76,-50.40,174,0.00
1,2592.81,-52.70,174,0.00
1,2560.99,-50.00,175,0.00
1,2568.95,-54.90,175,0.00
1,2521.23,-58.80,176,0.00
1,2521.23,-59.80,176,0.00
1,2481.46,-56.30,177,0.00
1,2473.51,-48.60,177,0.00
1,2441.69,-55.40,178,0.00
1,2433.74,-58.40,178,0.00
1,2401.93,-58.70,179,0.00
1,2393.97,-54.20,179,0.00
1,2362.16,-48.20,180,0.00
1,2346.25,-56.10,180,0.00
1,2322.39,-55.50,181,0.00
1,2306.49,-50.50,181,0.00
1,2274.67,-55.30,182,0.00
1,2282.63,-59.20,182,0.00
1,2234.91,-51.70,183,0.00
1,2226.95,-51.90,183,0.00
1,2195.14,-59.70,184,0.00
1,2187.18,-53.40,184,0.00
1,2155.37,-50.80,185,0.00
1,2139.46,-48.50,185,0.00
1,2107.65,-53.80,186,0.00
1,2099.70,-58.40,186,0.00
1,2067.88,-49.40,187,0.00
1,2059.93,-51.30,187,0.00
1,2036.07,-60.40,188,0.00
1,2020.16,-51.40,188,0.00
1,1988.35,-49.30,189,0.00
1,1980.40,-59.40,189,0.00
1,1948.58,-55.40,190,0.00
1,1932.68,-49.60,190,0.00
1,1908.82,-57.90,191,0.00
1,1892.91,-57.40,191,0.00
1,1861.10,-49.50,192,0.00
1,1853.14,-56.90,192,0.00
1,1829.28,-60.00,193,0.00
1,1813.37,-49.50,193,0.00
1,1773.61,-56.20,194,0.00
1,1765.65,-49.50,194,0.00
1,1733.84,-55.40,195,0.00
1,1725.89,-60.40,195,0.00
1,1694.07,-53.00,196,0.00
1,1678.17,-51.80,196,0.00
1,1654.31,-58.60,197,0.00
1,1638.40,-55.10,197,0.00
1,1606.59,-49.90,198,0.00
1,1590.68,-57.40,198,0.00
1,1558.87,-56.40,199,0.00
1,1542.96,-50.50,199,0.00
1,1511.15,-55.50,200,0.00
1,1503.19,-58.40,200,0.00
1,1471.38,-51.20,201,0.00
1,1463.43,-57.10,201,0.00
1,1415.70,-49.50,202,0.00
1,1415.70,-54.50,202,0.00
1,1375.94,-59.40,203,0.00
1,1367.98,-50.40,203,0.00
1,1328.22,-52.10,204,0.00
1,1328.22,-59.30,204,0.00
1,1288.45,-51.80,205,0.00
1,1280.50,-49.90,205,0.00
1,1240.73,-59.40,206,0.00
1,1232.78,-54.50,206,0.00
1,1193.01,-49.00,207,0.00
1,1193.01,-58.10,207,0.00
1,1153.24,-56.20,208,0.00
1,1145.29,-49.90,208,0.00
1,1113.48,-54.50,209,0.00
1,1097.57,-49.50,209,0.00
1,1073.71,-57.00,210,0.00
1,1057.80,-56.70,210,0.00
1,1025.99,-49.10,211,0.00
1,1018.04,-55.30,211,0.00
1,986.22,-58.80,212,0.00
1,978.27,-51.10,212,0.00
1,946.45,-53.60,213,0.00
1,938.50,-60.40,213,0.00
1,906.69,-53.60,214,0.00
1,906.69,-58.40,214,0.00
1,866.92,-49.40,215,0.00
1,858.97,-53.10,215,0.00
1,827.15,-51.10,216,0.00
1,819.20,-49.60,216,0.00
1,795.34,-55.90,217,0.00
1,787.39,-60.90,217,0.00
1,755.57,-51.20,218,0.00
1,747.62,-50.40,218,0.00
1,723.76,-60.40,219,0.00
1,715.81,-52.90,219,0.00
1,683.99,-49.90,220,0.00
1,691.95,-59.40,220,0.00
1,660.13,-58.00,221,0.00
1,644.23,-49.50,221,0.00
1,636.27,-57.40,222,0.00
1,612.41,-59.90,222,0.00
1,588.55,-50.20,223,0.00
1,580.60,-51.80,223,0.00
1,564.69,-60.70,224,0.00
1,548.78,-53.00,224,0.00
1,524.92,-51.50,225,0.00
1,524.92,-49.70,225,0.00
1,501.06,-56.70,226,0.00
1,501.06,-57.70,226,0.00
1,477.20,-49.90,227,0.00
1,469.25,-54.80,227,0.00
1,461.30,-59.40,228,0.00
1,445.39,-52.70,228,0.00
1,429.48,-52.70,229,0.00
1,421.53,-60.50,229,0.00
1,405.62,-54.10,230,0.00
1,397.67,-50.60,230,0.00
1,381.76,-60.30,231,0.00
1,381.76,-56.10,231,0.00
1,365.86,-59.20,232,0.00
1,357.90,-55.10,232,0.00
1,334.04,-49.50,233,0.00
1,334.04,-57.40,233,0.00
1,310.18,-52.60,234,0.00
1,318.14,-60.00,234,0.00
1,294.28,-54.80,235,0.00
1,294.28,-60.00,235,0.00
1,278.37,-52.90,236,0.00
1,270.42,-52.20,236,0.00
1,262.46,-60.70,237,0.00
1,254.51,-55.10,237,0.00
1,230.65,-50.80,238,0.00
1,238.60,-57.90,238,0.00
1,222.70,-56.80,239,0.00
1,214.74,-59.20,239,0.00
1,206.79,-55.70,240,0.00
1,198.83,-49.50,240,0.00
1,182.93,-57.10,241,0.00
1,182.93,-60.50,241,0.00
1,167.02,-50.70,242,0.00
1,167.02,-55.00,242,0.00
1,159.07,-60.70,243,0.00
1,151.11,-52.20,243,0.00
1,143.16,-57.30,244,0.00
1,135.21,-50.60,244,0.00
1,119.30,-55.50,245,0.00
1,127.25,-60.60,245,0.00
1,111.35,-57.30,246,0.00
1,103.39,-57.60,246,0.00
1,95.44,-60.70,247,0.00
1,95.44,-53.10,247,0.00
1,79.53,-49.80,248,0.00
1,79.53,-59.90,248,0.00
1,63.63,-58.30,249,0.00
1,63.63,-49.70,249,0.00
1,55.67,-58.00,250,0.00
1,55.67,-60.10,250,0.00
1,47.72,-50.20,251,0.00
1,47.72,-52.30,251,0.00
1,39.77,-61.20,252,0.00
1,39.77,-51.70,252,0.00
1,31.81,-50.70,253,0.00
1,31.81,-61.00,253,0.00
1,23.86,-52.90,254,0.00
1,23.86,-50.50,254,0.00
1,15.91,-57.80,255,100.00
1,23.86,-57.50,255,100.00
1,15.91,-60.00,1,0.00
1,15.91,-52.60,1,0.00
1,2688.25,-31.00,2,0.00
1,4469.81,-32.80,2,0.00
1,5575.33,-9.80,3,0.00
1,5583.29,-3.70,3,0.00
1,5591.24,-10.40,4,0.00
1,5583.29,-11.20,4,0.00
1,5583.29,-4.20,5,0.00
1,5591.24,-8.80,5,0.00
1,5583.29,-12.70,6,0.00
1,5575.33,-5.90,6,0.00
1,5575.33,-11.50,7,0.00
1,5583.29,-3.40,7,0.00
1,5591.24,-11.30,8,0.00
1,5583.29,-13.00,8,0.00
1,5583.29,-4.10,9,0.00
1,5575.33,-11.50,9,0.00
1,5575.33,-3.40,10,0.00
1,5591.24,-12.10,10,0.00
1,5591.24,-9.50,11,0.00
1,5583.29,-14.10,11,0.00
1,5575.33,-5.70,12,0.00
1,5583.29,-4.90,12,0.00
1,5591.24,-14.50,13,0.00
1,5575.33,-7.60,13,0.00
1,5583.29,-4.30,14,0.00
1,5575.33,-6.50,14,0.00
1,5583.29,-7.80,15,0.00
1,5583.29,-14.60,15,0.00
1,5575.33,-8.40,16,0.00
1,5575.33,-6.00,16,0.00
1,5583.29,-13.50,17,0.00
1,5575.33,-9.90,17,0.00
1,5575.33,-4.20,18,0.00
1,5583.29,-12.20,18,0.00
1,5575.33,-12.00,19,0.00
1,5583.29,-10.80,19,0.00
1,5575.33,-15.00,20,0.00
1,5559.43,-5.80,20,0.00
1,5567.38,-8.20,21,0.00
1,5575.33,-4.70,21,0.00
1,5567.38,-7.20,22,0.00
1,5575.33,-8.10,22,0.00
1,5575.33,-15.30,23,0.00
1,5567.38,-9.00,23,0.00
1,5575.33,-6.50,24,0.00
1,5583.29,-14.40,24,0.00
1,5567.38,-10.90,25,0.00
1,5567.38,-5.70,25,0.00
1,5583.29,-13.20,26,0.00
1,5567.38,-12.80,26,0.00
1,5567.38,-5.60,27,0.00
1,5575.33,-10.50,27,0.00
1,5575.33,-14.70,28,0.00
1,5559.43,-7.20,28,0.00
1,5575.33,-9.90,29,0.00
1,5575.33,-17.10,29,0.00
1,5559.43,-7.70,30,0.00
1,5567.38,-6.00,30,0.00
1,5559.43,-6.10,31,0.00
1,5575.33,-11.30,31,0.00
1,5575.33,-17.00,32,0.00
1,5559.43,-8.20,32,0.00
1,5567.38,-6.60,33,0.00
1,5575.33,-16.90,33,0.00
1,5559.43,-10.10,34,0.00
1,5567.38,-5.70,34,0.00
1,5575.33,-16.70,35,0.00
1,5559.43,-15.00,35,0.00
1,5559.43,-5.40,36,0.00
1,5567.38,-14.80,36,0.00
1,5567.38,-16.90,37,0.00
1,5567.38,-12.40,37,0.00
1,5559.43,-16.00,38,0.00
1,5551.47,-6.20,38,0.00
1,5567.38,-11.30,39,0.00
1,5559.43,-7.20,39,0.00
1,5567.38,-17.80,40,0.00
1,5559.43,-15.30,40,0.00
1,5551.47,-6.90,41,0.00
1,5551.47,-9.90,41,0.00
1,5559.43,-7.40,42,0.00
1,5567.38,-17.40,42,0.00
1,5551.47,-15.60,43,0.00
1,5551.47,-6.80,43,0.00
1,5567.38,-17.40,44,0.00
1,5551.47,-17.40,44,0.00
1,5559.43,-18.20,45,0.00
1,5551.47,-13.50,45,0.00
1,5551.47,-8.90,46,0.00
1,5559.43,-16.90,46,0.00
1,5551.47,-15.40,47,0.00
1,5551.47,-7.70,47,0.00
1,5559.43,-15.10,48,0.00
1,5551.47,-16.60,48,0.00
1,5543.52,-8.50,49,0.00
1,5543.52,-14.50,49,0.00
1,5551.47,-8.50,50,0.00
1,5559.43,-16.90,50,0.00
1,5551.47,-16.70,51,0.00
1,5551.47,-19.00,51,0.00
1,5543.52,-11.40,52,0.00
1,5559.43,-20.80,52,0.00
1,5543.52,-13.60,53,0.00
1,5551.47,-10.50,53,0.00
1,5551.47,-19.00,54,0.00
1,5543.52,-16.30,54,0.00
1,5543.52,-9.80,55,0.00
1,5551.47,-17.10,55,0.00
1,5543.52,-17.90,56,0.00
1,5559.43,-10.40,56,0.00
1,5551.47,-15.60,57,0.00
1,5543.52,-19.60,57,0.00
1,5543.52,-11.40,58,0.00
1,5543.52,-13.40,58,0.00
1,5543.52,-22.20,59,0.00
1,5543.52,-17.70,59,0.00
1,5535.57,-9.40,60,0.00
1,5543.52,-20.00,60,0.00
1,5535.57,-18.30,61,0.00
1,5535.57,-22.30,61,0.00
1,5535.57,-12.20,62,0.00
1,5543.52,-15.50,62,0.00
1,5543.52,-23.40,63,0.00
1,5527.61,-14.60,63,0.00
1,5535.57,-11.80,64,0.00
1,5535.57,-23.20,64,0.00
1,5535.57,-17.90,65,0.00
1,5535.57,-11.00,65,0.00
1,5535.57,-21.90,66,0.00
1,5527.61,-22.00,66,0.00
1,5527.61,-11.50,67,0.00
1,5527.61,-18.30,67,0.00
1,5527.61,-12.70,68,0.00
1,5535.57,-22.90,68,0.00
1,5519.66,-20.70,69,0.00
1,5527.61,-25.20,69,0.00
1,5519.66,-17.90,70,0.00
1,5519.66,-15.70,70,0.00
1,5527.61,-26.40,71,0.00
1,5511.71,-20.70,71,0.00
1,5519.66,-22.90,72,0.00
1,5511.71,-13.10,72,0.00
1,5527.61,-20.40,73,0.00
1,5519.66,-25.60,73,0.00
1,5511.71,-14.00,74,0.00
1,5519.66,-19.60,74,0.00
1,5511.71,-15.50,75,0.00
1,5519.66,-21.90,75,0.00
1,5535.57,-27.20,76,0.00
1,5503.75,-17.70,76,0.00
1,5511.71,-20.10,77,0.00
1,5511.71,-28.30,77,0.00
1,5503.75,-21.40,78,0.00
1,5503.75,-18.70,78,0.00
1,5495.80,-18.60,79,0.00
1,5511.71,-22.80,79,0.00
1,5503.75,-29.50,80,0.00
1,5495.80,-21.10,80,0.00
1,5503.75,-21.40,81,0.00
1,5503.75,-31.20,81,0.00
1,5503.75,-29.30,82,0.00
1,5495.80,-18.20,82,0.00
1,5495.80,-31.40,83,0.00
1,5487.85,-26.00,83,0.00
1,5487.85,-19.20,84,0.00
1,5495.80,-30.70,84,0.00
1,5487.85,-32.90,85,0.00
1,5487.85,-20.60,85,0.00
1,5487.85,-29.70,86,0.00
1,5495.80,-33.80,86,0.00
1,5479.89,-22.60,87,0.00
1,5487.85,-29.30,87,0.00
1,5487.85,-36.50,88,0.00
1,5471.94,-25.50,88,0.00
1,5471.94,-36.20,89,0.00
1,5463.98,-24.20,89,0.00
1,5471.94,-34.10,90,0.00
1,5463.98,-23.90,90,0.00
1,5471.94,-31.70,91,0.00
1,5463.98,-38.20,91,0.00
1,5463.98,-38.90,92,0.00
1,5456.03,-31.80,92,0.00
1,5448.08,-26.00,93,0.00
1,5463.98,-38.70,93,0.00
1,5448.08,-40.40,94,0.00
1,5448.08,-27.70,94,0.00
1,5463.98,-37.20,95,0.00
1,5448.08,-42.40,95,0.00
1,5432.17,-31.50,96,0.00
1,5440.12,-31.60,96,0.00
1,5432.17,-44.30,97,0.00
1,5432.17,-35.50,97,0.00
1,5424.22,-45.20,98,0.00
1,5424.22,-36.70,98,0.00
1,5424.22,-46.80,99,0.00
1,5408.31,-39.10,99,0.00
1,5408.31,-36.40,100,0.00
1,5408.31,-46.00,100,0.00
1,5400.36,-45.20,101,0.00
1,5392.40,-36.00,101,0.00
1,5376.50,-44.40,102,0.00
1,5384.45,-40.30,102,0.00
1,5368.54,-50.20,103,0.00
1,5368.54,-46.70,103,0.00
1,5344.68,-42.90,104,0.00
1,5352.64,-50.00,104,0.00
1,5328.78,-51.00,105,0.00
1,5328.78,-54.80,105,0.00
1,5304.92,-47.90,106,0.00
1,5304.92,-46.10,106,0.00
1,5281.06,-55.20,107,0.00
1,5273.10,-53.90,107,0.00
1,5241.29,-48.50,108,0.00
1,5241.29,-49.90,108,0.00
1,5201.52,-48.70,109,0.00
1,5209.48,-57.60,109,0.00
1,5169.71,-54.50,110,0.00
1,5169.71,-47.80,110,0.00
1,5137.90,-57.50,111,0.00
1,5129.94,-55.50,111,0.00
1,5090.18,-47.80,112,0.00
1,5090.18,-51.40,112,0.00
1,5058.36,-55.70,113,0.00
1,5058.36,-51.30,113,0.00
1,5018.59,-51.90,114,0.00
1,5018.59,-56.30,114,0.00
1,4978.83,-51.80,115,0.00
1,4978.83,-51.20,115,0.00
1,4947.01,-57.30,116,0.00
1,4939.06,-52.70,116,0.00
1,4907.25,-50.40,117,0.00
1,4907.25,-56.60,117,0.00
1,4867.48,-50.60,118,0.00
1,4867.48,-56.60,118,0.00
1,4827.71,-52.00,119,0.00
1,4827.71,-50.80,119,0.00
1,4787.95,-56.20,120,0.00
1,4787.95,-50.00,120,0.00
1,4748.18,-58.60,121,0.00
1,4756.13,-51.50,121,0.00
1,4708.41,-49.70,122,0.00
1,4708.41,-48.70,122,0.00
1,4676.60,-56.60,123,0.00
1,4668.65,-56.80,123,0.00
1,4636.83,-48.70,124,0.00
1,4636.83,-53.20,124,0.00
1,4597.06,-57.30,125,0.00
1,4589.11,-49.90,125,0.00
1,4557.30,-50.50,126,0.00
1,4557.30,-57.10,126,0.00
1,4517.53,-53.20,127,0.00
1,4517.53,-57.80,127,0.00
1,4477.76,-56.70,128,0.00
1,4469.81,-53.20,128,0.00
1,4438.00,-50.00,129,0.00
1,4445.95,-55.90,129,0.00
1,4398.23,-54.70,130,0.00
1,4398.23,-49.60,130,0.00
1,4366.42,-54.30,131,0.00
1,4358.46,-56.90,131,0.00
1,4318.70,-49.50,132,0.00
1,4310.74,-51.30,132,0.00
1,4278.93,-50.60,133,0.00
1,4278.93,-56.60,133,0.00
1,4239.16,-54.50,134,0.00
1,4231.21,-49.30,134,0.00
1,4207.35,-56.50,135,0.00
1,4199.39,-49.60,135,0.00
1,4159.63,-58.70,136,0.00
1,4175.53,-53.50,136,0.00
1,4119.86,-59.30,137,0.00
1,4111.91,-50.30,137,0.00
1,4080.09,-51.30,138,0.00
1,4080.09,-58.90,138,0.00
1,4040.33,-52.10,139,0.00
1,4032.37,-48.50,139,0.00
1,4000.56,-58.40,140,0.00
1,3992.61,-56.00,140,0.00
1,3952.84,-50.00,141,0.00
1,3952.84,-57.60,141,0.00
1,3913.07,-56.50,142,0.00
1,3905.12,-49.20,142,0.00
1,3873.31,-55.60,143,0.00
1,3873.31,-54.70,143,0.00
1,3833.54,-50.50,144,0.00
1,3833.54,-55.10,144,0.00
1,3793.77,-57.30,145,0.00
1,3785.82,-50.80,145,0.00
1,3754.00,-52.50,146,0.00
1,3746.05,-48.50,146,0.00
1,3714.24,-54.70,147,0.00
1,3706.28,-57.60,147,0.00
1,3674.47,-49.90,148,0.00
1,3666.52,-52.60,148,0.00
1,3634.70,-57.30,149,0.00
1,3618.80,-51.40,149,0.00
1,3594.94,-52.90,150,0.00
1,3586.98,-48.60,150,0.00
1,3547.22,-56.90,151,0.00
1,3547.22,-59.40,151,0.00
1,3507.45,-49.00,152,0.00
1,3507.45,-51.10,152,0.00
1,3459.73,-49.60,153,0.00
1,3467.68,-59.30,153,0.00
1,3419.96,-56.90,154,0.00
1,3419.96,-50.30,154,0.00
1,3380.19,-56.40,155,0.00
1,3380.19,-57.80,155,0.00
1,3348.38,-59.50,156,0.00
1,3332.47,-53.50,156,0.00
1,3316.57,-50.20,157,0.00
1,3300.66,-58.60,157,0.00
1,3260.89,-55.30,158,0.00
1,3252.94,-58.90,158,0.00
1,3221.13,-51.10,159,0.00
1,3213.17,-52.20,159,0.00
1,3181.36,-58.80,160,0.00
1,3173.41,-51.40,160,0.00
1,3141.59,-49.10,161,0.00
1,3133.64,-57.90,161,0.00
1,3101.83,-54.30,162,0.00
1,3093.87,-49.90,162,0.00
1,3054.10,-49.80,163,0.00
1,3054.10,-54.90,163,0.00
1,3022.29,-58.70,164,0.00
1,3006.38,-51.60,164,0.00
1,2974.57,-52.60,165,0.00
1,2974.57,-59.60,165,0.00
1,2934.80,-51.40,166,0.00
1,2926.85,-55.40,166,0.00
1,2895.04,-57.80,167,0.00
1,2887.08,-49.50,167,0.00
1,2855.27,-59.00,168,0.00
1,2847.32,-50.00,168,0.00
1,2807.55,-56.90,169,0.00
1,2807.55,-56.70,169,0.00
1,2767.78,-50.90,170,0.00
1,2767.78,-59.00,170,0.00
1,2728.02,-50.10,171,0.00
1,2728.02,-57.50,171,0.00
1,2688.25,-54.40,172,0.00
1,2688.25,-51.70,172,0.00
1,2648.48,-60.80,173,0.00
1,2640.53,-50.30,173,0.00
1,2600.76,-57.80,174,0.00
1,2600.76,-52.70,174,0.00
1,2568.95,-59.50,175,0.00
1,2560.99,-53.90,175,0.00
1,2529.18,-50.10,176,0.00
1,2521.23,-58.90,176,0.00
1,2489.41,-55.90,177,0.00
1,2473.51,-49.60,177,0.00
1,2449.65,-55.30,178,0.00
1,2441.69,-57.80,178,0.00
1,2401.93,-48.80,179,0.00
1,2393.97,-54.60,179,0.00
1,2370.11,-59.30,180,0.00
1,2354.21,-52.70,180,0.00
1,2322.39,-57.20,181,0.00
1,2306.49,-51.00,181,0.00
1,2282.63,-53.70,182,0.00
1,2274.67,-59.80,182,0.00
1,2242.86,-52.10,183,0.00
1,2234.91,-59.10,183,0.00
1,2203.09,-50.70,184,0.00
1,2195.14,-59.60,184,0.00
1,2147.42,-49.40,185,0.00
1,2155.37,-57.00,185,0.00
1,2115.60,-59.90,186,0.00
1,2115.60,-50.80,186,0.00
1,2067.88,-51.10,187,0.00
1,2075.84,-60.00,187,0.00
1,2036.07,-55.50,188,0.00
1,2028.12,-58.30,188,0.00
1,1988.35,-50.40,189,0.00
1,1988.35,-53.10,189,0.00
1,1956.54,-60.10,190,0.00
1,1940.63,-53.10,190,0.00
1,1908.82,-52.40,191,0.00
1,1900.86,-59.90,191,0.00
1,1869.05,-53.50,192,0.00
1,1861.10,-49.60,192,0.00
1,1829.28,-58.00,193,0.00
1,1813.37,-55.70,193,0.00
1,1773.61,-49.90,194,0.00
1,1781.56,-57.80,194,0.00
1,1741.79,-55.70,195,0.00
1,1733.84,-49.70,195,0.00
1,1694.07,-54.50,196,0.00
1,1686.12,-49.90,196,0.00
1,1654.31,-59.60,197,0.00
1,1638.40,-56.70,197,0.00
1,1606.59,-49.60,198,0.00
1,1598.63,-56.40,198,0.00
1,1566.82,-58.30,199,0.00
1,1550.91,-49.00,199,0.00
1,1527.05,-54.10,200,0.00
1,1511.15,-59.80,200,0.00
1,1479.33,-52.60,201,0.00
1,1463.43,-52.60,201,0.00
1,1439.57,-60.90,202,0.00
1,1423.66,-54.80,202,0.00
1,1383.89,-50.80,203,0.00
1,1375.94,-51.60,203,0.00
1,1336.17,-53.60,204,0.00
1,1336.17,-59.90,204,0.00
1,1288.45,-52.90,205,0.00
1,1280.50,-52.20,205,0.00
1,1248.68,-59.60,206,0.00
1,1240.73,-54.80,206,0.00
1,1200.96,-49.40,207,0.00
1,1200.96,-58.40,207,0.00
1,1161.20,-56.60,208,0.00
1,1153.24,-49.60,208,0.00
1,1113.48,-56.60,209,0.00
1,1113.48,-60.90,209,0.00
1,1073.71,-51.50,210,0.00
1,1065.76,-54.60,210,0.00
1,1033.94,-49.50,211,0.00
1,1018.04,-55.70,211,0.00
1,994.17,-59.20,212,0.00
1,978.27,-51.70,212,0.00
1,946.45,-56.20,213,0.00
1,946.45,-59.40,213,0.00
1,906.69,-49.40,214,0.00
1,906.69,-54.00,214,0.00
1,874.87,-60.20,215,0.00
1,866.92,-53.60,215,0.00
1,835.11,-52.00,216,0.00
1,835.11,-60.80,216,0.00
1,795.34,-55.30,217,0.00
1,787.39,-50.90,217,0.00
1,763.53,-57.80,218,0.00
1,747.62,-51.60,218,0.00
1,723.76,-59.10,219,0.00
1,723.76,-56.10,219,0.00
1,683.99,-49.80,220,0.00
1,683.99,-57.50,220,0.00
1,660.13,-58.10,221,0.00
1,652.18,-51.00,221,0.00
1,620.37,-55.50,222,0.00
1,612.41,-50.30,222,0.00
1,596.50,-58.30,223,0.00
1,588.55,-52.00,223,0.00
1,564.69,-59.70,224,0.00
1,556.74,-55.30,224,0.00
1,532.88,-50.80,225,0.00
1,532.88,-58.30,225,0.00
1,501.06,-57.70,226,0.00
1,501.06,-60.40,226,0.00
1,485.16,-51.10,227,0.00
1,469.25,-52.10,227,0.00
1,453.34,-61.10,228,0.00
1,453.34,-52.10,228,0.00
1,429.48,-50.50,229,0.00
1,429.48,-60.40,229,0.00
1,405.62,-57.10,230,0.00
1,397.67,-50.00,230,0.00
1,381.76,-56.30,231,0.00
1,381.76,-59.20,231,0.00
1,357.90,-49.90,232,0.00
1,357.90,-56.70,232,0.00
1,334.04,-50.20,233,0.00
1,334.04,-57.80,233,0.00
1,318.14,-57.90,234,0.00
1,310.18,-50.90,234,0.00
1,294.28,-55.70,235,0.00
1,294.28,-59.70,235,0.00
1,278.37,-52.40,236,0.00
1,270.42,-53.80,236,0.00
1,262.46,-60.40,237,0.00
1,254.51,-54.00,237,0.00
1,238.60,-50.00,238,0.00
1,230.65,-59.40,238,0.00
1,222.70,-56.20,239,0.00
1,214.74,-50.00,239,0.00
1,206.79,-57.60,240,0.00
1,198.83,-60.40,240,0.00
1,182.93,-50.70,241,0.00
1,182.93,-56.70,241,0.00
1,167.02,-50.10,242,0.00
1,167.02,-54.10,242,0.00
1,151.11,-51.60,243,0.00
1,143.16,-50.40,243,0.00
1,135.21,-57.00,244,0.00
1,135.21,-58.80,244,0.00
1,119.30,-49.80,245,0.00
1,119.30,-55.00,245,0.00
1,111.35,-60.10,246,0.00
1,103.39,-52.80,246,0.00
1,95.44,-53.20,247,0.00
1,95.44,-61.40,247,0.00
1,87.49,-54.60,248,0.00
1,79.53,-51.40,248,0.00
1,71.58,-50.10,249,0.00
1,63.63,-55.80,249,0.00
1,63.63,-61.30,250,0.00
1,55.67,-52.40,250,0.00
1,47.72,-51.10,251,0.00
1,47.72,-61.10,251,0.00
1,39.77,-53.90,252,0.00
1,39.77,-60.60,252,0.00
1,31.81,-58.30,253,0.00
1,31.81,-60.60,253,0.00
1,23.86,-50.60,254,0.00
1,15.91,-52.80,254,0.00
1,23.86,-61.30,255,100.00
1,15.91,-55.30,255,100.00
1,23.86,-51.60,1,0.00
1,7.95,-53.50,1,0.00
1,2696.20,-30.90,2,0.00
1,4493.67,-32.70,2,0.00
1,5503.75,-10.00,3,0.00
1,5503.75,-3.50,3,0.00
1,5519.66,-10.00,4,0.00
1,5503.75,-11.00,4,0.00
1,5503.75,-4.50,5,0.00
1,5511.71,-8.20,5,0.00
1,5511.71,-12.50,6,0.00
1,5503.75,-5.90,6,0.00
1,5511.71,-6.50,7,0.00
1,5495.80,-3.90,7,0.00
1,5519.66,-9.40,8,0.00
1,5511.71,-12.30,8,0.00
1,5503.75,-3.10,9,0.00
1,5519.66,-11.40,9,0.00
1,5503.75,-12.90,10,0.00
1,5495.80,-3.50,10,0.00
1,5511.71,-6.70,11,0.00
1,5511.71,-14.10,11,0.00
1,5495.80,-5.00,12,0.00
1,5511.71,-5.20,12,0.00
1,5511.71,-14.50,13,0.00
1,5495.80,-6.50,13,0.00
1,5503.75,-4.00,14,0.00
1,5511.71,-14.10,14,0.00
1,5495.80,-11.00,15,0.00
1,5503.75,-3.90,15,0.00
1,5511.71,-12.90,16,0.00
1,5503.75,-6.40,16,0.00
1,5511.71,-14.00,17,0.00
1,5495.80,-9.10,17,0.00
1,5503.75,-13.60,18,0.00
1,5495.80,-6.40,18,0.00
1,5495.80,-8.80,19,0.00
1,5495.80,-5.60,19,0.00
1,5511.71,-13.10,20,0.00
1,5495.80,-10.50,20,0.00
1,5519.66,-5.00,21,0.00
1,5511.71,-12.00,21,0.00
1,5495.80,-12.50,22,0.00
1,5495.80,-5.10,22,0.00
1,5503.75,-10.00,23,0.00
1,5503.75,-13.90,23,0.00
1,5511.71,-14.80,24,0.00
1,5495.80,-13.20,24,0.00
1,5495.80,-4.60,25,0.00
1,5503.75,-10.00,25,0.00
1,5495.80,-14.70,26,0.00
1,5487.85,-4.90,26,0.00
1,5503.75,-8.20,27,0.00
1,5503.75,-15.50,27,0.00
1,5503.75,-14.80,28,0.00
1,5495.80,-14.30,28,0.00
1,5503.75,-16.40,29,0.00
1,5487.85,-9.20,29,0.00
1,5495.80,-5.20,30,0.00
1,5503.75,-15.30,30,0.00
1,5495.80,-14.40,31,0.00
1,5503.75,-16.20,31,0.00
1,5487.85,-12.60,32,0.00
1,5487.85,-5.00,32,0.00
1,5503.75,-12.10,33,0.00
1,5487.85,-14.70,33,0.00
1,5487.85,-5.20,34,0.00
1,5495.80,-10.30,34,0.00
1,5495.80,-16.10,35,0.00
1,5479.89,-9.60,35,0.00
1,5495.80,-8.70,36,0.00
1,5495.80,-16.90,36,0.00
1,5487.85,-11.00,37,0.00
1,5487.85,-7.10,37,0.00
1,5479.89,-9.00,38,0.00
1,5495.80,-9.90,38,0.00
1,5495.80,-18.00,39,0.00
1,5479.89,-9.80,39,0.00
1,5487.85,-9.10,40,0.00
1,5495.80,-16.90,40,0.00
1,5479.89,-12.70,41,0.00
1,5487.85,-5.70,41,0.00
1,5495.80,-16.30,42,0.00
1,5487.85,-14.10,42,0.00
1,5479.89,-7.00,43,0.00
1,5495.80,-14.60,43,0.00
1,5487.85,-18.70,44,0.00
1,5479.89,-7.90,44,0.00
1,5487.85,-9.40,45,0.00
1,5487.85,-19.20,45,0.00
1,5471.94,-9.90,46,0.00
1,5487.85,-7.20,46,0.00
1,5479.89,-8.30,47,0.00
1,5487.85,-12.60,47,0.00
1,5479.89,-7.70,48,0.00
1,5487.85,-15.90,48,0.00
1,5479.89,-16.50,49,0.00
1,5479.89,-18.60,49,0.00
1,5471.94,-10.80,50,0.00
1,5487.85,-11.10,50,0.00
1,5479.89,-20.60,51,0.00
1,5471.94,-13.90,51,0.00
1,5479.89,-9.90,52,0.00
1,5487.85,-20.20,52,0.00
1,5471.94,-15.10,53,0.00
1,5471.94,-8.30,53,0.00
1,5479.89,-16.50,54,0.00
1,5471.94,-9.00,54,0.00
1,5479.89,-17.70,55,0.00
1,5471.94,-16.40,55,0.00
1,5463.98,-8.50,56,0.00
1,5479.89,-15.70,56,0.00
1,5471.94,-18.80,57,0.00
1,5463.98,-9.30,57,0.00
1,5463.98,-17.70,58,0.00
1,5463.98,-10.10,58,0.00
1,5479.89,-21.50,59,0.00
1,5471.94,-15.00,59,0.00
1,5471.94,-21.30,60,0.00
1,5463.98,-10.30,60,0.00
1,5471.94,-13.10,61,0.00
1,5471.94,-22.00,61,0.00
1,5471.94,-18.40,62,0.00
1,5471.94,-19.20,62,0.00
1,5456.03,-11.60,63,0.00
1,5471.94,-17.00,63,0.00
1,5463.98,-21.70,64,0.00
1,5456.03,-12.90,64,0.00
1,5463.98,-15.30,65,0.00
1,5471.94,-24.10,65,0.00
1,5456.03,-15.90,66,0.00
1,5463.98,-13.70,66,0.00
1,5463.98,-22.50,67,0.00
1,5463.98,-16.20,67,0.00
1,5463.98,-25.30,68,0.00
1,5448.08,-15.90,68,0.00
1,5463.98,-14.60,69,0.00
1,5463.98,-25.20,69,0.00
1,5448.08,-14.50,70,0.00
1,5456.03,-15.00,70,0.00
1,5456.03,-25.60,71,0.00
1,5448.08,-17.10,71,0.00
1,5448.08,-13.80,72,0.00
1,5463.98,-25.00,72,0.00
1,5448.08,-23.30,73,0.00
1,5448.08,-12.80,73,0.00
1,5456.03,-24.10,74,0.00
1,5448.08,-25.30,74,0.00
1,5440.12,-13.60,75,0.00
1,5456.03,-19.20,75,0.00
1,5448.08,-27.70,76,0.00
1,5432.17,-16.30,76,0.00
1,5440.12,-22.90,77,0.00
1,5448.08,-24.20,77,0.00
1,5440.12,-27.80,78,0.00
1,5432.17,-16.40,78,0.00
1,5440.12,-23.60,79,0.00
1,5432.17,-16.40,79,0.00
1,5440.12,-29.70,80,0.00
1,5432.17,-22.20,80,0.00
1,5432.17,-16.30,81,0.00
1,5440.12,-27.30,81,0.00
1,5432.17,-29.80,82,0.00
1,5424.22,-18.00,82,0.00
1,5432.17,-26.90,83,0.00
1,5432.17,-30.30,83,0.00
1,5416.26,-19.40,84,0.00
1,5416.26,-28.40,84,0.00
1,5416.26,-19.60,85,0.00
1,5424.22,-27.40,85,0.00
1,5416.26,-31.50,86,0.00
1,5408.31,-19.40,86,0.00
1,5424.22,-26.30,87,0.00
1,5416.26,-21.60,87,0.00
1,5416.26,-31.50,88,0.00
1,5408.31,-30.30,88,0.00
1,5408.31,-21.00,89,0.00
1,5416.26,-29.30,89,0.00
1,5408.31,-24.10,90,0.00
1,5408.31,-35.60,90,0.00
1,5400.36,-33.80,91,0.00
1,5392.40,-23.90,91,0.00
1,5384.45,-27.80,92,0.00
1,5400.36,-28.10,92,0.00
1,5392.40,-38.30,93,0.00
1,5392.40,-31.00,93,0.00
1,5384.45,-26.70,94,0.00
1,5400.36,-37.30,94,0.00
1,5376.50,-36.50,95,0.00
1,5384.45,-28.60,95,0.00
1,5384.45,-37.70,96,0.00
1,5376.50,-39.60,96,0.00
1,5368.54,-30.10,97,0.00
1,5368.54,-37.20,97,0.00
1,5360.59,-30.10,98,0.00
1,5368.54,-39.80,98,0.00
1,5360.59,-40.90,99,0.00
1,5368.54,-44.00,99,0.00
1,5352.64,-44.40,100,0.00
1,5352.64,-42.50,100,0.00
1,5336.73,-33.10,101,0.00
1,5344.68,-44.30,101,0.00
1,5336.73,-47.00,102,0.00
1,5328.78,-36.70,102,0.00
1,5320.82,-41.20,103,0.00
1,5320.82,-49.70,103,0.00
1,5320.82,-40.70,104,0.00
1,5312.87,-39.70,104,0.00
1,5296.96,-52.10,105,0.00
1,5296.96,-48.30,105,0.00
1,5281.06,-43.90,106,0.00
1,5281.06,-53.70,106,0.00
1,5257.20,-53.90,107,0.00
1,5249.24,-48.30,107,0.00
1,5233.34,-50.20,108,0.00
1,5233.34,-55.90,108,0.00
1,5201.52,-50.50,109,0.00
1,5201.52,-48.30,109,0.00
1,5169.71,-48.30,110,0.00
1,5169.71,-50.10,110,0.00
1,5137.90,-57.10,111,0.00
1,5129.94,-50.00,111,0.00
1,5098.13,-49.20,112,0.00
1,5098.13,-58.30,112,0.00
1,5058.36,-55.20,113,0.00
1,5058.36,-48.50,113,0.00
1,5026.55,-57.20,114,0.00
1,5018.59,-55.40,114,0.00
1,4986.78,-57.70,115,0.00
1,4978.83,-52.50,115,0.00
1,4947.01,-50.30,116,0.00
1,4947.01,-50.40,116,0.00
1,4907.25,-53.40,117,0.00
1,4907.25,-58.10,117,0.00
1,4867.48,-52.60,118,0.00
1,4867.48,-51.90,118,0.00
1,4835.67,-56.40,119,0.00
1,4827.71,-53.50,119,0.00
1,4787.95,-49.80,120,0.00
1,4787.95,-52.90,120,0.00
1,4756.13,-50.20,121,0.00
1,4756.13,-57.70,121,0.00
1,4716.37,-54.30,122,0.00
1,4716.37,-57.90,122,0.00
1,4676.60,-49.80,123,0.00
1,4676.60,-50.90,123,0.00
1,4636.83,-59.00,124,0.00
1,4636.83,-52.30,124,0.00
1,4597.06,-48.40,125,0.00
1,4597.06,-57.00,125,0.00
1,4557.30,-53.70,126,0.00
1,4557.30,-58.20,126,0.00
1,4517.53,-52.70,127,0.00
1,4517.53,-49.00,127,0.00
1,4485.72,-58.50,128,0.00
1,4477.76,-54.70,128,0.00
1,4445.95,-48.80,129,0.00
1,4445.95,-57.80,129,0.00
1,4398.23,-50.90,130,0.00
1,4398.23,-49.70,130,0.00
1,4366.42,-54.50,131,0.00
1,4358.46,-58.40,131,0.00
1,4318.70,-50.60,132,0.00
1,4318.70,-51.10,132,0.00
1,4286.88,-59.30,133,0.00
1,4278.93,-52.50,133,0.00
1,4239.16,-49.70,134,0.00
1,4247.12,-57.20,134,0.00
1,4199.39,-54.90,135,0.00
1,4199.39,-58.00,135,0.00
1,4159.63,-51.60,136,0.00
1,4159.63,-52.20,136,0.00
1,4127.81,-58.30,137,0.00
1,4119.86,-51.10,137,0.00
1,4088.05,-59.60,138,0.00
1,4080.09,-49.80,138,0.00
1,4040.33,-50.40,139,0.00
1,4040.33,-58.20,139,0.00
1,4000.56,-54.10,140,0.00
1,4000.56,-58.60,140,0.00
1,3960.79,-50.30,141,0.00
1,3952.84,-53.60,141,0.00
1,3928.98,-58.00,142,0.00
1,3913.07,-53.10,142,0.00
1,3881.26,-51.00,143,0.00
1,3881.26,-57.10,143,0.00
1,3841.49,-54.80,144,0.00
1,3833.54,-49.50,144,0.00
1,3793.77,-53.40,145,0.00
1,3793.77,-58.90,145,0.00
1,3754.00,-51.00,146,0.00
1,3754.00,-53.00,146,0.00
1,3722.19,-57.80,147,0.00
1,3714.24,-53.90,147,0.00
1,3674.47,-49.40,148,0.00
1,3674.47,-58.20,148,0.00
1,3634.70,-54.10,149,0.00
1,3626.75,-49.20,149,0.00
1,3594.94,-55.50,150,0.00
1,3594.94,-57.90,150,0.00
1,3555.17,-56.90,151,0.00
1,3547.22,-54.80,151,0.00
1,3507.45,-48.40,152,0.00
1,3507.45,-55.00,152,0.00
1,3467.68,-48.90,153,0.00
1,3467.68,-55.30,153,0.00
1,3435.87,-56.50,154,0.00
1,3427.91,-54.40,154,0.00
1,3388.15,-59.80,155,0.00
1,3388.15,-50.90,155,0.00
1,3348.38,-53.40,156,0.00
1,3348.38,-58.20,156,0.00
1,3308.61,-54.40,157,0.00
1,3308.61,-51.60,157,0.00
1,3268.85,-59.00,158,0.00
1,3260.89,-56.00,158,0.00
1,3221.13,-50.00,159,0.00
1,3229.08,-56.60,159,0.00
1,3181.36,-51.00,160,0.00
1,3181.36,-50.70,160,0.00
1,3141.59,-54.50,161,0.00
1,3141.59,-58.70,161,0.00
1,3101.83,-52.80,162,0.00
1,3093.87,-52.50,162,0.00
1,3062.06,-60.00,163,0.00
1,3054.10,-54.70,163,0.00
1,3022.29,-57.00,164,0.00
1,3014.34,-57.20,164,0.00
1,2982.52,-49.60,165,0.00
1,2974.57,-55.10,165,0.00
1,2934.80,-57.70,166,0.00
1,2934.80,-50.60,166,0.00
1,2902.99,-52.80,167,0.00
1,2887.08,-59.00,167,0.00
1,2855.27,-52.50,168,0.00
1,2855.27,-59.80,168,0.00
1,2815.50,-53.60,169,0.00
1,2807.55,-52.60,169,0.00
1,2783.69,-58.00,170,0.00
1,2767.78,-55.20,170,0.00
1,2735.97,-59.40,171,0.00
1,2728.02,-51.30,171,0.00
1,2688.25,-51.40,172,0.00
1,2696.20,-59.60,172,0.00
1,2656.44,-55.90,173,0.00
1,2648.48,-60.20,173,0.00
1,2616.67,-51.30,174,0.00
1,2608.71,-55.20,174,0.00
1,2576.90,-59.70,175,0.00
1,2560.99,-53.30,175,0.00
1,2537.13,-59.90,176,0.00
1,2537.13,-50.90,176,0.00
1,2489.41,-51.10,177,0.00
1,2489.41,-59.70,177,0.00
1,2465.55,-55.40,178,0.00
1,2441.69,-48.90,178,0.00
1,2409.88,-59.30,179,0.00
1,2401.93,-57.80,179,0.00
1,2370.11,-49.40,180,0.00
1,2354.21,-54.40,180,0.00
1,2330.35,-59.10,181,0.00
1,2322.39,-61.00,181,0.00
1,2282.63,-52.10,182,0.00
1,2282.63,-59.60,182,0.00
1,2242.86,-60.10,183,0.00
1,2234.91,-55.50,183,0.00
1,2203.09,-49.20,184,0.00
1,2187.18,-56.60,184,0.00
1,2163.32,-57.30,185,0.00
1,2147.42,-49.00,185,0.00
1,2123.56,-54.90,186,0.00
1,2115.60,-58.90,186,0.00
1,2083.79,-52.80,187,0.00
1,2067.88,-53.60,187,0.00
1,2044.02,-59.90,188,0.00
1,2028.12,-54.00,188,0.00
1,1996.30,-50.60,189,0.00
1,1988.35,-61.10,189,0.00
1,1956.54,-56.40,190,0.00
1,1948.58,-61.30,190,0.00
1,1916.77,-55.80,191,0.00
1,1908.82,-58.20,191,0.00
1,1869.05,-61.00,192,0.00
1,1869.05,-55.60,192,0.00
1,1821.33,-50.60,193,0.00
1,1829.28,-60.40,193,0.00
1,1781.56,-57.60,194,0.00
1,1781.56,-49.40,194,0.00
1,1741.79,-54.70,195,0.00
1,1741.79,-58.60,195,0.00
1,1694.07,-49.50,196,0.00
1,1694.07,-53.50,196,0.00
1,1654.31,-61.20,197,0.00
1,1654.31,-53.20,197,0.00
1,1614.54,-59.20,198,0.00
1,1598.63,-49.60,198,0.00
1,1566.82,-55.90,199,0.00
1,1558.87,-60.40,199,0.00
1,1527.05,-50.90,200,0.00
1,1511.15,-51.10,200,0.00
1,1487.29,-60.80,201,0.00
1,1471.38,-51.90,201,0.00
1,1423.66,-54.40,202,0.00
1,1431.61,-60.30,202,0.00
1,1383.89,-53.20,203,0.00
1,1367.98,-50.00,203,0.00
1,1344.12,-59.90,204,0.00
1,1336.17,-54.90,204,0.00
1,1296.40,-49.40,205,0.00
1,1288.45,-53.60,205,0.00
1,1256.64,-51.40,206,0.00
1,1240.73,-60.80,206,0.00
1,1208.92,-55.80,207,0.00
1,1193.01,-50.30,207,0.00
1,1169.15,-57.80,208,0.00
1,1153.24,-57.10,208,0.00
1,1121.43,-49.30,209,0.00
1,1113.48,-55.90,209,0.00
1,1081.66,-59.00,210,0.00
1,1065.76,-51.90,210,0.00
1,1033.94,-57.10,211,0.00
1,1033.94,-59.00,211,0.00
1,994.17,-50.10,212,0.00
1,986.22,-53.80,212,0.00
1,954.41,-50.00,213,0.00
1,946.45,-58.00,213,0.00
1,914.64,-57.00,214,0.00
1,898.73,-50.20,214,0.00
1,874.87,-56.70,215,0.00
1,866.92,-60.50,215,0.00
1,835.11,-51.90,216,0.00
1,827.15,-54.60,216,0.00
1,803.29,-61.30,217,0.00
1,795.34,-53.50,217,0.00
1,763.53,-50.60,218,0.00
1,755.57,-60.00,218,0.00
1,731.71,-55.20,219,0.00
1,723.76,-49.70,219,0.00
1,699.90,-58.50,220,0.00
1,691.95,-60.00,220,0.00
1,660.13,-50.10,221,0.00
1,652.18,-50.90,221,0.00
1,620.37,-55.60,222,0.00
1,620.37,-57.40,222,0.00
1,596.50,-50.30,223,0.00
1,588.55,-61.20,223,0.00
1,564.69,-52.60,224,0.00
1,556.74,-56.70,224,0.00
1,532.88,-56.00,225,0.00
1,524.92,-50.70,225,0.00
1,509.02,-60.70,226,0.00
1,501.06,-51.40,226,0.00
1,477.20,-58.40,227,0.00
1,477.20,-57.70,227,0.00
1,453.34,-51.70,228,0.00
1,445.39,-50.70,228,0.00
1,429.48,-59.50,229,0.00
1,429.48,-56.00,229,0.00
1,405.62,-52.60,230,0.00
1,405.62,-61.00,230,0.00
1,381.76,-54.60,231,0.00
1,373.81,-50.10,231,0.00
1,357.90,-59.90,232,0.00
1,357.90,-59.10,232,0.00
1,334.04,-50.00,233,0.00
1,334.04,-58.10,233,0.00
1,318.14,-60.70,234,0.00
1,318.14,-50.80,234,0.00
1,294.28,-52.90,235,0.00
1,294.28,-61.40,235,0.00
1,278.37,-57.70,236,0.00
1,278.37,-58.70,236,0.00
1,254.51,-51.40,237,0.00
1,254.51,-55.50,237,0.00
1,238.60,-61.50,238,0.00
1,230.65,-53.00,238,0.00
1,214.74,-53.40,239,0.00
1,222.70,-60.90,239,0.00
1,206.79,-55.00,240,0.00
1,198.83,-61.30,240,0.00
1,190.88,-55.80,241,0.00
1,182.93,-51.30,241,0.00
1,167.02,-50.10,242,0.00
1,167.02,-55.90,242,0.00
1,159.07,-60.30,243,0.00
1,151.11,-60.20,243,0.00
1,135.21,-56.00,244,0.00
1,135.21,-49.90,244,0.00
1,119.30,-58.50,245,0.00
1,127.25,-60.70,245,0.00
1,103.39,-50.80,246,0.00
1,103.39,-56.50,246,0.00
1,95.44,-61.70,247,0.00
1,95.44,-52.30,247,0.00
1,79.53,-51.40,248,0.00
1,79.53,-61.70,248,0.00
1,71.58,-54.20,249,0.00
1,63.63,-50.60,249,0.00
1,63.63,-60.00,250,0.00
1,55.67,-51.90,250,0.00
1,47.72,-50.30,251,0.00
1,47.72,-56.10,251,0.00
1,39.77,-53.20,252,0.00
1,39.77,-61.70,252,0.00
1,31.81,-55.50,253,0.00
1,31.81,-51.30,253,0.00
1,23.86,-59.20,254,0.00
1,23.86,-57.90,254,0.00
1,15.91,-50.20,255,100.00
1,15.91,-57.00,255,100.00
1,15.91,-59.70,1,0.00
1,15.91,-52.20,1,0.00
1,2720.06,-32.20,2,0.00
1,4525.48,-33.10,2,0.00
1,5440.12,-8.90,3,0.00
1,5448.08,-13.00,3,0.00
1,5440.12,-4.80,4,0.00
1,5456.03,-7.50,4,0.00
1,5448.08,-13.70,5,0.00
1,5440.12,-6.30,5,0.00
1,5448.08,-13.40,6,0.00
1,5440.12,-4.10,6,0.00
1,5448.08,-9.90,7,0.00
1,5448.08,-3.20,7,0.00
1,5463.98,-9.70,8,0.00
1,5448.08,-11.70,8,0.00
1,5440.12,-4.50,9,0.00
1,5456.03,-7.30,9,0.00
1,5456.03,-13.70,10,0.00
1,5440.12,-6.70,10,0.00
1,5448.08,-12.40,11,0.00
1,5440.12,-3.60,11,0.00
1,5456.03,-6.90,12,0.00
1,5448.08,-13.90,12,0.00
1,5440.12,-8.20,13,0.00
1,5448.08,-5.20,13,0.00
1,5456.03,-14.30,14,0.00
1,5440.12,-10.40,14,0.00
1,5440.12,-3.90,15,0.00
1,5456.03,-10.70,15,0.00
1,5440.12,-3.70,16,0.00
1,5456.03,-13.00,16,0.00
1,5440.12,-12.70,17,0.00
1,5448.08,-14.40,17,0.00
1,5440.12,-8.80,18,0.00
1,5456.03,-14.70,18,0.00
1,5440.12,-10.60,19,0.00
1,5440.12,-4.30,19,0.00
1,5456.03,-14.00,20,0.00
1,5448.08,-12.90,20,0.00
1,5440.12,-3.90,21,0.00
1,5456.03,-8.60,21,0.00
1,5448.08,-15.00,22,0.00
1,5440.12,-4.70,22,0.00
1,5448.08,-6.50,23,0.00
1,5448.08,-15.30,23,0.00
1,5432.17,-10.60,24,0.00
1,5440.12,-5.10,24,0.00
1,5448.08,-15.70,25,0.00
1,5432.17,-12.50,25,0.00
