0,31.81,0.40,1,0.00
1,39.77,0.10,2,0.00
1,55.67,0.50,2,0.00
1,63.63,0.10,3,0.00
1,79.53,0.30,3,0.00
1,87.49,0.30,4,0.00
1,95.44,0.10,4,0.00
1,103.39,0.40,5,0.00
1,119.30,0.00,5,0.00
1,127.25,0.20,6,0.00
1,135.21,0.20,6,0.00
1,143.16,0.20,7,0.00
1,151.11,0.40,7,0.00
1,159.07,0.40,8,0.00
1,167.02,0.20,8,0.00
1,167.02,0.00,9,0.00
1,174.97,0.50,9,0.00
1,182.93,0.20,10,0.00
1,182.93,0.20,10,0.00
1,190.88,0.10,11,0.00
1,190.88,-0.20,11,0.00
1,198.83,0.20,12,0.00
1,198.83,0.40,12,0.00
1,198.83,0.20,13,0.00
1,206.79,0.00,13,0.00
1,206.79,0.30,14,0.00
1,206.79,0.20,14,0.00
1,206.79,0.10,15,0.00
1,206.79,0.20,15,0.00
1,206.79,-0.20,16,0.00
1,206.79,0.00,16,0.00
1,206.79,0.10,17,0.00
1,206.79,0.00,17,0.00
1,198.83,0.00,18,0.00
1,198.83,0.10,18,0.00
1,198.83,-0.20,19,0.00
1,198.83,0.00,19,0.00
1,190.88,0.00,20,0.00
1,190.88,0.10,20,0.00
1,182.93,-0.20,21,0.00
1,182.93,0.20,21,0.00
1,174.97,0.20,22,0.00
1,174.97,0.10,22,0.00
1,167.02,0.00,23,0.00
1,167.02,0.40,23,0.00
1,159.07,0.10,24,0.00
1,151.11,-0.10,24,0.00
1,151.11,0.40,25,0.00
1,143.16,0.00,25,0.00
1,143.16,0.00,26,0.00
1,135.21,0.10,26,0.00
1,135.21,0.10,27,0.00
1,127.25,0.20,27,0.00
1,119.30,-0.10,28,0.00
1,119.30,-0.10,28,0.00
1,111.35,-0.20,29,0.00
1,103.39,0.00,29,0.00
1,103.39,-0.10,30,0.00
1,95.44,0.10,30,0.00
1,95.44,0.10,31,0.00
1,87.49,0.10,31,0.00
1,79.53,-0.10,32,0.00
1,79.53,0.10,32,0.00
1,79.53,0.00,33,0.00
1,71.58,0.10,33,0.00
1,71.58,0.00,34,0.00
1,71.58,-0.10,34,0.00
1,63.63,0.00,35,0.00
1,63.63,-0.20,35,0.00
1,63.63,0.00,36,0.00
1,63.63,0.10,36,0.00
1,63.63,0.20,37,0.00
1,63.63,0.00,37,0.00
1,63.63,0.00,38,0.00
1,63.63,0.00,38,0.00
1,63.63,0.00,39,0.00
1,63.63,-0.20,39,0.00
1,63.63,-0.10,40,0.00
1,63.63,0.20,40,0.00
1,71.58,0.10,41,0.00
1,71.58,0.30,41,0.00
1,71.58,0.10,42,0.00
1,71.58,-0.10,42,0.00
1,79.53,0.00,43,0.00
1,79.53,0.10,43,0.00
1,79.53,0.10,44,0.00
1,79.53,0.10,44,0.00
1,79.53,0.00,45,0.00
1,87.49,0.10,45,0.00
1,87.49,0.00,46,0.00
1,87.49,0.20,46,0.00
1,87.49,0.10,47,0.00
1,95.44,0.20,47,0.00
1,95.44,0.00,48,0.00
1,95.44,0.00,48,0.00
1,95.44,0.10,49,0.00
1,95.44,-0.10,49,0.00
1,95.44,0.10,50,0.00
1,95.44,-0.10,50,0.00
1,95.44,0.00,51,0.00
1,95.44,0.20,51,0.00
1,95.44,0.10,52,0.00
1,95.44,0.40,52,0.00
1,87.49,0.10,53,0.00
1,87.49,0.00,53,0.00
1,87.49,0.10,54,0.00
1,87.49,-0.10,54,0.00
1,79.53,0.10,55,0.00
1,79.53,0.00,55,0.00
1,79.53,0.10,56,0.00
1,71.58,-0.20,56,0.00
1,71.58,-0.10,57,0.00
1,71.58,-0.10,57,0.00
1,63.63,0.00,58,0.00
1,63.63,0.10,58,0.00
1,55.67,0.30,59,0.00
1,55.67,0.20,59,0.00
1,47.72,0.10,60,0.00
1,47.72,0.10,60,0.00
1,47.72,0.00,61,0.00
1,55.67,-0.20,61,0.00
1,63.63,0.00,62,0.00
1,63.63,-0.20,62,0.00
1,63.63,0.00,63,0.00
1,63.63,-0.20,63,0.00
1,63.63,-0.10,64,0.00
1,55.67,-0.40,64,0.00
1,71.58,-0.20,65,0.00
1,135.21,-0.70,65,0.00
1,381.76,-3.80,66,0.00
1,676.04,-10.70,66,0.00
1,1145.29,-22.80,67,0.00
1,1773.61,-40.30,67,0.00
1,2378.07,-55.40,68,0.00
1,2974.57,-64.20,68,0.00
1,3610.84,-70.30,69,0.00
1,4127.81,-77.30,69,0.00
1,4286.88,-72.60,70,0.00
1,4422.09,-81.10,70,0.00
1,4445.95,-75.10,71,0.00
1,4414.14,-72.40,71,0.00
1,4183.49,-67.90,72,0.00
1,3881.26,-58.70,72,0.00
1,3602.89,-59.10,73,0.00
1,3372.24,-58.70,73,0.00
1,3189.31,-56.50,74,0.00
1,3085.92,-52.20,74,0.00
1,3014.34,-51.10,75,0.00
1,2982.52,-54.30,75,0.00
1,2934.80,-57.80,76,0.00
1,2918.90,-54.00,76,0.00
1,2887.08,-51.10,77,0.00
1,2895.04,-51.60,77,0.00
1,2879.13,-56.10,78,0.00
1,2871.18,-58.60,78,0.00
1,2847.32,-54.10,79,0.00
1,2847.32,-58.40,79,0.00
1,2831.41,-56.80,80,0.00
1,2823.46,-56.10,80,0.00
1,2807.55,-58.80,81,0.00
1,2799.60,-56.50,81,0.00
1,2775.74,-58.60,82,0.00
1,2767.78,-57.60,82,0.00
1,2735.97,-53.80,83,0.00
1,2728.02,-51.20,83,0.00
1,2704.16,-55.80,84,0.00
1,2704.16,-58.80,84,0.00
1,2672.34,-56.00,85,0.00
1,2656.44,-52.20,85,0.00
1,2640.53,-57.00,86,0.00
1,2616.67,-52.80,86,0.00
1,2600.76,-52.00,87,0.00
1,2616.67,-55.60,87,0.00
1,2632.57,-60.70,88,0.00
1,2672.34,-61.40,88,0.00
1,2712.11,-59.90,89,0.00
1,2791.64,-64.20,89,0.00
1,2839.36,-62.90,90,0.00
1,2887.08,-62.80,90,0.00
1,2887.08,-60.90,91,0.00
1,2902.99,-61.10,91,0.00
1,2902.99,-70.40,92,0.00
1,2902.99,-68.80,92,0.00
1,2879.13,-65.60,93,0.00
1,2871.18,-64.90,93,0.00
1,2847.32,-62.20,94,0.00
1,2847.32,-62.20,94,0.00
1,2847.32,-64.10,95,0.00
1,2839.36,-64.40,95,0.00
1,2823.46,-67.80,96,0.00
1,2823.46,-70.80,96,0.00
1,2807.55,-71.10,97,0.00
1,2799.60,-72.10,97,0.00
1,2759.83,-69.20,98,0.00
1,2735.97,-66.00,98,0.00
1,2751.88,-71.50,99,0.00
1,2871.18,-79.70,99,0.00
1,2990.48,-84.90,100,0.00
1,3149.55,-89.50,100,0.00
1,3292.71,-85.60,101,0.00
1,3356.33,-87.40,101,0.00
1,3324.52,-86.70,102,0.00
1,3340.43,-87.20,102,0.00
1,3316.57,-91.40,103,0.00
1,3316.57,-92.90,103,0.00
1,3284.75,-93.10,104,0.00
1,3276.80,-90.00,104,0.00
1,3237.03,-84.80,105,0.00
1,3229.08,-80.90,105,0.00
1,3181.36,-80.50,106,0.00
1,3173.41,-79.50,106,0.00
1,3141.59,-82.40,107,0.00
1,3133.64,-82.80,107,0.00
1,3101.83,-87.20,108,0.00
1,3093.87,-79.90,108,0.00
1,3062.06,-83.00,109,0.00
1,3054.10,-82.20,109,0.00
1,3022.29,-81.60,110,0.00
1,3014.34,-80.80,110,0.00
1,2982.52,-84.00,111,0.00
1,2974.57,-83.50,111,0.00
1,2942.76,-82.90,112,0.00
1,2934.80,-87.10,112,0.00
1,2902.99,-88.00,113,0.00
1,2895.04,-85.10,113,0.00
1,2863.22,-85.70,114,0.00
1,2855.27,-89.80,114,0.00
1,2823.46,-90.60,115,0.00
1,2815.50,-87.30,115,0.00
1,2783.69,-87.90,116,0.00
1,2783.69,-92.10,116,0.00
1,2735.97,-80.10,117,0.00
1,2735.97,-80.30,117,0.00
1,2712.11,-92.90,118,0.00
1,2704.16,-92.70,118,0.00
1,2672.34,-93.40,119,0.00
1,2672.34,-93.20,119,0.00
1,2640.53,-93.20,120,0.00
1,2632.57,-93.70,120,0.00
1,2600.76,-93.20,121,0.00
1,2584.85,-84.70,121,0.00
1,2553.04,-81.90,122,0.00
1,2553.04,-89.70,122,0.00
1,2529.18,-92.00,123,0.00
1,2521.23,-91.40,123,0.00
1,2489.41,-91.00,124,0.00
1,2481.46,-93.20,124,0.00
1,2449.65,-93.20,125,0.00
1,2449.65,-92.70,125,0.00
1,2417.83,-92.50,126,0.00
1,2409.88,-93.60,126,0.00
1,2378.07,-93.80,127,0.00
1,2362.16,-82.50,127,0.00
1,2338.30,-80.00,128,0.00
1,2330.35,-80.40,128,0.00
1,2306.49,-80.60,129,0.00
1,2298.53,-81.20,129,0.00
1,2266.72,-79.40,130,0.00
1,2258.77,-79.70,130,0.00
1,2234.91,-79.80,131,0.00
1,2226.95,-79.30,131,0.00
1,2203.09,-79.10,132,0.00
1,2203.09,-92.60,132,0.00
1,2163.32,-82.10,133,0.00
1,2155.37,-79.60,133,0.00
1,2131.51,-80.00,134,0.00
1,2123.56,-80.20,134,0.00
1,2099.70,-79.00,135,0.00
1,2091.74,-79.10,135,0.00
1,2067.88,-79.50,136,0.00
1,2059.93,-79.80,136,0.00
1,2044.02,-93.30,137,0.00
1,2036.07,-93.10,137,0.00
1,2012.21,-92.60,138,0.00
1,2004.26,-94.30,138,0.00
1,1980.40,-94.10,139,0.00
1,1972.44,-93.70,139,0.00
1,1948.58,-93.70,140,0.00
1,1940.63,-94.00,140,0.00
1,1916.77,-94.30,141,0.00
1,1916.77,-94.50,141,0.00
1,1884.96,-83.20,142,0.00
1,1884.96,-84.00,142,0.00
1,1869.05,-94.20,143,0.00
1,1861.10,-93.80,143,0.00
1,1845.19,-93.90,144,0.00
1,1837.24,-94.60,144,0.00
1,1813.37,-94.70,145,0.00
1,1805.42,-94.30,145,0.00
1,1789.51,-93.60,146,0.00
1,1773.61,-79.40,146,0.00
1,1749.75,-80.00,147,0.00
1,1741.79,-79.00,147,0.00
1,1725.89,-94.50,148,0.00
1,1725.89,-94.50,148,0.00
1,1702.03,-94.50,149,0.00
1,1702.03,-94.20,149,0.00
1,1678.17,-94.00,150,0.00
1,1678.17,-94.40,150,0.00
1,1654.31,-94.80,151,0.00
1,1646.35,-94.90,151,0.00
1,1630.45,-92.80,152,0.00
1,1622.49,-93.40,152,0.00
1,1606.59,-93.80,153,0.00
1,1590.68,-85.30,153,0.00
1,1574.77,-84.70,154,0.00
1,1566.82,-88.60,154,0.00
1,1550.91,-87.70,155,0.00
1,1542.96,-87.00,155,0.00
1,1527.05,-87.90,156,0.00
1,1527.05,-84.30,156,0.00
1,1503.19,-85.20,157,0.00
1,1503.19,-85.60,157,0.00
1,1479.33,-82.30,158,0.00
1,1479.33,-82.40,158,0.00
1,1455.47,-83.50,159,0.00
1,1455.47,-84.40,159,0.00
1,1431.61,-80.80,160,0.00
1,1423.66,-81.50,160,0.00
1,1407.75,-82.00,161,0.00
1,1399.80,-79.60,161,0.00
1,1383.89,-79.90,162,0.00
1,1383.89,-93.00,162,0.00
1,1367.98,-92.40,163,0.00
1,1367.98,-94.50,163,0.00
1,1344.12,-95.20,164,0.00
1,1344.12,-95.40,164,0.00
1,1320.26,-95.00,165,0.00
1,1312.31,-83.80,165,0.00
1,1296.40,-84.40,166,0.00
1,1288.45,-85.10,166,0.00
1,1272.54,-81.50,167,0.00
1,1264.59,-82.00,167,0.00
1,1248.68,-82.50,168,0.00
1,1240.73,-79.70,168,0.00
1,1224.82,-80.30,169,0.00
1,1224.82,-80.80,169,0.00
1,1200.96,-81.40,170,0.00
1,1200.96,-79.20,170,0.00
1,1185.06,-79.80,171,0.00
1,1177.10,-80.00,171,0.00
1,1161.20,-80.30,172,0.00
1,1153.24,-79.50,172,0.00
1,1137.34,-79.50,173,0.00
1,1145.29,-92.50,173,0.00
1,1121.43,-92.90,174,0.00
1,1121.43,-93.70,174,0.00
1,1089.62,-83.70,175,0.00
1,1089.62,-83.00,175,0.00
1,1073.71,-82.20,176,0.00
1,1073.71,-86.30,176,0.00
1,1049.85,-85.10,177,0.00
1,1049.85,-84.70,177,0.00
1,1033.94,-83.60,178,0.00
1,1025.99,-87.80,178,0.00
1,1018.04,-95.50,179,0.00
1,1018.04,-95.50,179,0.00
1,1002.13,-93.70,180,0.00
1,994.17,-93.90,180,0.00
1,978.27,-94.30,181,0.00
1,978.27,-95.00,181,0.00
1,962.36,-91.70,182,0.00
1,954.41,-93.00,182,0.00
1,930.55,-79.10,183,0.00
1,938.50,-94.60,183,0.00
1,922.59,-96.10,184,0.00
1,906.69,-79.40,184,0.00
1,890.78,-79.80,185,0.00
1,890.78,-79.50,185,0.00
1,866.92,-79.20,186,0.00
1,866.92,-79.10,186,0.00
1,851.01,-80.40,187,0.00
1,851.01,-79.70,187,0.00
1,835.11,-79.30,188,0.00
1,827.15,-79.20,188,0.00
1,811.25,-81.70,189,0.00
1,811.25,-80.90,189,0.00
1,795.34,-80.40,190,0.00
1,795.34,-80.30,190,0.00
1,779.43,-83.00,191,0.00
1,779.43,-82.10,191,0.00
1,763.53,-81.40,192,0.00
1,755.57,-85.60,192,0.00
1,739.67,-84.50,193,0.00
1,739.67,-83.80,193,0.00
1,731.71,-88.30,194,0.00
1,731.71,-93.10,194,0.00
1,715.81,-94.10,195,0.00
1,707.85,-94.30,195,0.00
1,699.90,-91.00,196,0.00
1,691.95,-91.10,196,0.00
1,676.04,-92.30,197,0.00
1,676.04,-88.40,197,0.00
1,660.13,-89.10,198,0.00
1,660.13,-89.60,198,0.00
1,644.23,-90.60,199,0.00
1,636.27,-86.80,199,0.00
1,620.37,-87.50,200,0.00
1,620.37,-87.90,200,0.00
1,604.46,-83.90,201,0.00
1,604.46,-84.60,201,0.00
1,588.55,-85.40,202,0.00
1,588.55,-86.30,202,0.00
1,572.64,-82.20,203,0.00
1,572.64,-84.80,203,0.00
1,556.74,-92.20,204,0.00
1,548.78,-80.90,204,0.00
1,540.83,-80.30,205,0.00
1,532.88,-80.20,205,0.00
1,524.92,-83.40,206,0.00
1,516.97,-82.60,206,0.00
1,509.02,-81.80,207,0.00
1,509.02,-81.10,207,0.00
1,493.11,-85.20,208,0.00
1,493.11,-84.30,208,0.00
1,477.20,-83.70,209,0.00
1,477.20,-83.10,209,0.00
1,469.25,-90.60,210,0.00
1,461.30,-86.70,210,0.00
1,453.34,-87.20,211,0.00
1,445.39,-88.30,211,0.00
1,437.44,-83.90,212,0.00
1,429.48,-84.70,212,0.00
1,421.53,-85.40,213,0.00
1,421.53,-86.20,213,0.00
1,405.62,-84.60,214,0.00
1,405.62,-81.10,214,0.00
1,389.72,-81.40,215,0.00
1,389.72,-82.20,215,0.00
1,373.81,-82.70,216,0.00
1,373.81,-79.60,216,0.00
1,365.86,-79.90,217,0.00
1,357.90,-80.40,217,0.00
1,349.95,-81.30,218,0.00
1,349.95,-79.00,218,0.00
1,334.04,-78.90,219,0.00
1,334.04,-79.50,219,0.00
1,318.14,-80.00,220,0.00
1,318.14,-78.70,220,0.00
1,310.18,-78.70,221,0.00
1,302.23,-78.90,221,0.00
1,294.28,-79.10,222,0.00
1,294.28,-79.00,222,0.00
1,286.32,-79.10,223,0.00
1,286.32,-88.50,223,0.00
1,278.37,-88.00,224,0.00
1,270.42,-88.70,224,0.00
1,262.46,-88.20,225,0.00
1,262.46,-85.60,225,0.00
1,254.51,-86.50,226,0.00
1,246.56,-82.50,226,0.00
1,238.60,-83.20,227,0.00
1,238.60,-84.20,227,0.00
1,222.70,-85.00,228,0.00
1,222.70,-80.90,228,0.00
1,214.74,-81.40,229,0.00
1,214.74,-82.00,229,0.00
1,206.79,-82.80,230,0.00
1,206.79,-79.70,230,0.00
1,190.88,-80.30,231,0.00
1,190.88,-80.40,231,0.00
1,182.93,-81.40,232,0.00
1,182.93,-78.50,232,0.00
1,174.97,-79.20,233,0.00
1,174.97,-79.40,233,0.00
1,167.02,-94.80,234,0.00
1,167.02,-79.00,234,0.00
1,159.07,-79.20,235,0.00
1,151.11,-78.60,235,0.00
1,143.16,-78.50,236,0.00
1,143.16,-78.20,236,0.00
1,135.21,-78.80,237,0.00
1,135.21,-79.20,237,0.00
1,127.25,-78.90,238,0.00
1,127.25,-78.60,238,0.00
1,119.30,-78.50,239,0.00
1,119.30,-80.40,239,0.00
1,111.35,-80.10,240,0.00
1,111.35,-79.30,240,0.00
1,111.35,-94.90,241,0.00
1,111.35,-91.00,241,0.00
1,103.39,-92.00,242,0.00
1,103.39,-92.70,242,0.00
1,103.39,-93.40,243,0.00
1,95.44,-91.20,243,0.00
1,87.49,-90.80,244,0.00
1,87.49,-82.70,244,0.00
1,79.53,-83.40,245,0.00
1,79.53,-84.00,245,0.00
1,79.53,-84.80,246,0.00
1,79.53,-80.70,246,0.00
1,71.58,-81.70,247,0.00
1,71.58,-82.20,247,0.00
1,63.63,-82.80,248,0.00
1,63.63,-79.60,248,0.00
1,63.63,-79.90,249,0.00
1,55.67,-80.50,249,0.00
1,55.67,-80.80,250,0.00
1,55.67,-78.50,250,0.00
1,47.72,-79.10,251,0.00
1,47.72,-79.20,251,0.00
1,39.77,-79.80,252,0.00
1,47.72,-78.30,252,0.00
1,39.77,-78.50,253,0.00
1,39.77,-78.30,253,0.00
1,39.77,-96.00,254,0.00
1,39.77,-96.50,254,0.00
1,31.81,-83.50,255,100.00
1,31.81,-83.20,255,100.00
1,23.86,-82.00,1,0.00
1,31.81,-95.60,1,0.00
1,3364.29,-66.30,2,0.00
1,5153.80,-69.70,2,0.00
1,5599.19,-57.50,3,0.00
1,5599.19,-57.50,3,0.00
1,5599.19,-58.40,4,0.00
1,5599.19,-56.20,4,0.00
1,5599.19,-57.20,5,0.00
1,5599.19,-57.50,5,0.00
1,5591.24,-55.30,6,0.00
1,5591.24,-55.70,6,0.00
1,5591.24,-56.60,7,0.00
1,5591.24,-57.00,7,0.00
1,5583.29,-54.60,8,0.00
1,5583.29,-50.60,8,0.00
1,5599.19,-60.90,9,0.00
1,5599.19,-60.70,9,0.00
1,5575.33,-49.30,10,0.00
1,5575.33,-49.50,10,0.00
1,5575.33,-50.10,11,0.00
1,5575.33,-50.20,11,0.00
1,5575.33,-50.70,12,0.00
1,5575.33,-50.20,12,0.00
1,5575.33,-50.70,13,0.00
1,5575.33,-52.00,13,0.00
1,5575.33,-52.10,14,0.00
1,5575.33,-51.80,14,0.00
1,5567.38,-54.40,15,0.00
1,5575.33,-54.10,15,0.00
1,5567.38,-54.20,16,0.00
1,5567.38,-53.70,16,0.00
1,5559.43,-61.80,17,0.00
1,5559.43,-59.40,17,0.00
1,5559.43,-59.80,18,0.00
1,5559.43,-60.40,18,0.00
1,5567.38,-57.10,19,0.00
1,5567.38,-56.40,19,0.00
1,5567.38,-65.80,20,0.00
1,5559.43,-65.60,20,0.00
1,5559.43,-65.90,21,0.00
1,5559.43,-65.80,21,0.00
1,5551.47,-66.90,22,0.00
1,5551.47,-66.90,22,0.00
1,5551.47,-65.70,23,0.00
1,5543.52,-66.30,23,0.00
1,5543.52,-66.90,24,0.00
1,5543.52,-64.20,24,0.00
1,5535.57,-65.20,25,0.00
1,5535.57,-65.30,25,0.00
1,5535.57,-66.50,26,0.00
1,5535.57,-63.40,26,0.00
1,5527.61,-64.70,27,0.00
1,5527.61,-65.20,27,0.00
1,5519.66,-65.80,28,0.00
1,5519.66,-58.30,28,0.00
1,5535.57,-70.70,29,0.00
1,5535.57,-70.70,29,0.00
1,5527.61,-71.20,30,0.00
1,5511.71,-58.90,30,0.00
1,5511.71,-59.50,31,0.00
1,5511.71,-59.50,31,0.00
1,5511.71,-60.70,32,0.00
1,5519.66,-72.30,32,0.00
1,5511.71,-73.00,33,0.00
1,5511.71,-72.80,33,0.00
1,5503.75,-73.10,34,0.00
1,5503.75,-72.80,34,0.00
1,5503.75,-73.80,35,0.00
1,5495.80,-74.10,35,0.00
1,5495.80,-73.00,36,0.00
1,5495.80,-73.10,36,0.00
1,5487.85,-73.90,37,0.00
1,5487.85,-74.30,37,0.00
1,5479.89,-72.40,38,0.00
1,5479.89,-72.60,38,0.00
1,5471.94,-65.60,39,0.00
1,5471.94,-65.20,39,0.00
1,5471.94,-65.70,40,0.00
1,5471.94,-74.80,40,0.00
1,5463.98,-75.10,41,0.00
1,5463.98,-76.10,41,0.00
1,5463.98,-73.40,42,0.00
1,5463.98,-74.00,42,0.00
1,5456.03,-75.20,43,0.00
1,5456.03,-75.60,43,0.00
1,5448.08,-73.50,44,0.00
1,5448.08,-74.10,44,0.00
1,5440.12,-75.40,45,0.00
1,5440.12,-72.10,45,0.00
1,5432.17,-73.10,46,0.00
1,5432.17,-73.50,46,0.00
1,5424.22,-74.90,47,0.00
1,5424.22,-71.50,47,0.00
1,5432.17,-80.00,48,0.00
1,5424.22,-70.90,48,0.00
1,5416.26,-70.90,49,0.00
1,5416.26,-70.70,49,0.00
1,5408.31,-73.60,50,0.00
1,5400.36,-78.70,50,0.00
1,5392.40,-80.10,51,0.00
1,5392.40,-76.90,51,0.00
1,5384.45,-78.10,52,0.00
1,5384.45,-78.70,52,0.00
1,5376.50,-79.80,53,0.00
1,5376.50,-76.90,53,0.00
1,5360.59,-77.90,54,0.00
1,5360.59,-78.80,54,0.00
1,5352.64,-76.60,55,0.00
1,5352.64,-76.90,55,0.00
1,5336.73,-78.00,56,0.00
1,5336.73,-78.40,56,0.00
1,5320.82,-76.50,57,0.00
1,5320.82,-77.10,57,0.00
1,5304.92,-77.70,58,0.00
1,5320.82,-86.00,58,0.00
1,5304.92,-86.20,59,0.00
1,5296.96,-85.90,59,0.00
1,5281.06,-85.60,60,0.00
1,5281.06,-88.30,60,0.00
1,5249.24,-78.30,61,0.00
1,5249.24,-78.30,61,0.00
1,5225.38,-78.30,62,0.00
1,5217.43,-78.30,62,0.00
1,5193.57,-78.60,63,0.00
1,5193.57,-90.90,63,0.00
1,5161.76,-89.80,64,0.00
1,5153.80,-90.00,64,0.00
1,5121.99,-90.60,65,0.00
1,5121.99,-90.70,65,0.00
1,5082.22,-89.00,66,0.00
1,5074.27,-89.30,66,0.00
1,5034.50,-89.60,67,0.00
1,5018.59,-87.10,67,0.00
1,4978.83,-87.70,68,0.00
1,4962.92,-81.70,68,0.00
1,4931.11,-84.40,69,0.00
1,4915.20,-83.60,69,0.00
1,4875.43,-83.10,70,0.00
1,4859.53,-86.20,70,0.00
1,4811.81,-86.20,71,0.00
1,4803.85,-86.10,71,0.00
1,4764.09,-84.40,72,0.00
1,4748.18,-84.40,72,0.00
1,4716.37,-85.00,73,0.00
1,4700.46,-82.10,73,0.00
1,4660.69,-81.80,74,0.00
1,4652.74,-83.30,74,0.00
1,4612.97,-83.90,75,0.00
1,4597.06,-81.10,75,0.00
1,4557.30,-81.40,76,0.00
1,4549.34,-82.00,76,0.00
1,4509.58,-79.80,77,0.00
1,4493.67,-79.90,77,0.00
1,4469.81,-90.40,78,0.00
1,4453.90,-91.90,78,0.00
1,4406.18,-80.90,79,0.00
1,4398.23,-81.10,79,0.00
1,4358.46,-81.80,80,0.00
1,4342.56,-82.30,80,0.00
1,4318.70,-90.60,81,0.00
1,4310.74,-90.10,81,0.00
1,4270.98,-91.50,82,0.00
1,4263.02,-91.50,82,0.00
1,4223.25,-91.40,83,0.00
1,4215.30,-91.50,83,0.00
1,4175.53,-91.80,84,0.00
1,4159.63,-91.50,84,0.00
1,4119.86,-91.70,85,0.00
1,4111.91,-91.10,85,0.00
1,4072.14,-91.50,86,0.00
1,4064.19,-91.20,86,0.00
1,4024.42,-91.50,87,0.00
1,4008.51,-90.40,87,0.00
1,3968.75,-88.10,88,0.00
1,3960.79,-87.40,88,0.00
1,3928.98,-87.40,89,0.00
1,3913.07,-89.80,89,0.00
1,3881.26,-89.30,90,0.00
1,3865.35,-89.40,90,0.00
1,3833.54,-88.80,91,0.00
1,3817.63,-79.70,91,0.00
1,3777.86,-79.90,92,0.00
1,3769.91,-79.50,92,0.00
1,3738.10,-79.30,93,0.00
1,3722.19,-79.00,93,0.00
1,3690.38,-80.70,94,0.00
1,3682.42,-89.50,94,0.00
1,3650.61,-90.20,95,0.00
1,3642.66,-90.20,95,0.00
1,3602.89,-91.20,96,0.00
1,3594.94,-87.90,96,0.00
1,3555.17,-88.70,97,0.00
1,3547.22,-89.10,97,0.00
1,3515.40,-84.30,98,0.00
1,3507.45,-83.70,98,0.00
1,3467.68,-83.50,99,0.00
1,3459.73,-86.60,99,0.00
1,3427.91,-86.30,100,0.00
1,3419.96,-85.80,100,0.00
1,3388.15,-85.20,101,0.00
1,3364.29,-80.70,101,0.00
1,3332.47,-81.40,102,0.00
1,3324.52,-79.20,102,0.00
1,3292.71,-79.20,103,0.00
1,3284.75,-79.80,103,0.00
1,3252.94,-80.10,104,0.00
1,3244.99,-78.80,104,0.00
1,3213.17,-79.10,105,0.00
1,3197.27,-79.20,105,0.00
1,3165.45,-79.60,106,0.00
1,3157.50,-79.50,106,0.00
1,3125.69,-78.90,107,0.00
1,3125.69,-90.30,107,0.00
1,3085.92,-82.10,108,0.00
1,3077.97,-79.30,108,0.00
1,3046.15,-79.90,109,0.00
1,3038.20,-80.40,109,0.00
1,3014.34,-88.70,110,0.00
1,3006.38,-88.40,110,0.00
1,2974.57,-91.30,111,0.00
1,2958.66,-79.50,111,0.00
1,2926.85,-79.30,112,0.00
1,2918.90,-79.30,112,0.00
1,2887.08,-79.20,113,0.00
1,2879.13,-80.10,113,0.00
1,2847.32,-80.50,114,0.00
1,2839.36,-79.40,114,0.00
1,2815.50,-79.30,115,0.00
1,2799.60,-81.30,115,0.00
1,2775.74,-81.40,116,0.00
1,2767.78,-80.90,116,0.00
1,2735.97,-91.60,117,0.00
1,2735.97,-91.80,117,0.00
1,2696.20,-92.20,118,0.00
1,2696.20,-89.50,118,0.00
1,2656.44,-89.90,119,0.00
1,2656.44,-90.50,119,0.00
1,2624.62,-91.00,120,0.00
1,2616.67,-88.20,120,0.00
1,2584.85,-88.50,121,0.00
1,2576.90,-88.80,121,0.00
1,2553.04,-84.50,122,0.00
1,2545.09,-84.30,122,0.00
1,2521.23,-88.20,123,0.00
1,2513.27,-87.30,123,0.00
1,2489.41,-86.70,124,0.00
1,2481.46,-90.10,124,0.00
1,2449.65,-89.80,125,0.00
1,2433.74,-82.20,125,0.00
1,2401.93,-82.80,126,0.00
1,2409.88,-92.50,126,0.00
1,2386.02,-92.40,127,0.00
1,2378.07,-91.50,127,0.00
1,2346.25,-91.10,128,0.00
1,2338.30,-91.50,128,0.00
1,2306.49,-92.10,129,0.00
1,2298.53,-89.00,129,0.00
1,2274.67,-89.30,130,0.00
1,2266.72,-90.00,130,0.00
1,2234.91,-86.60,131,0.00
1,2234.91,-87.30,131,0.00
1,2203.09,-87.50,132,0.00
1,2195.14,-86.80,132,0.00
1,2171.28,-86.20,133,0.00
1,2163.32,-90.10,133,0.00
1,2139.46,-89.40,134,0.00
1,2131.51,-89.00,134,0.00
1,2107.65,-88.20,135,0.00
1,2099.70,-91.60,135,0.00
1,2067.88,-82.60,136,0.00
1,2067.88,-79.80,136,0.00
1,2036.07,-80.20,137,0.00
1,2036.07,-80.70,137,0.00
1,2004.26,-81.10,138,0.00
1,2004.26,-79.50,138,0.00
1,1980.40,-79.60,139,0.00
1,1972.44,-80.10,139,0.00
1,1948.58,-79.50,140,0.00
1,1948.58,-79.60,140,0.00
1,1924.72,-94.00,141,0.00
1,1924.72,-93.90,141,0.00
1,1900.86,-94.50,142,0.00
1,1884.96,-80.00,142,0.00
1,1861.10,-82.10,143,0.00
1,1861.10,-81.90,143,0.00
1,1837.24,-81.10,144,0.00
1,1829.28,-84.90,144,0.00
1,1813.37,-83.80,145,0.00
1,1805.42,-94.60,145,0.00
1,1781.56,-94.50,146,0.00
1,1781.56,-95.20,146,0.00
1,1757.70,-94.50,147,0.00
1,1757.70,-93.90,147,0.00
1,1725.89,-80.80,148,0.00
1,1725.89,-81.60,148,0.00
1,1702.03,-81.80,149,0.00
1,1694.07,-82.50,149,0.00
1,1678.17,-79.90,150,0.00
1,1670.21,-80.20,150,0.00
1,1646.35,-80.90,151,0.00
1,1646.35,-79.20,151,0.00
1,1622.49,-79.60,152,0.00
1,1630.45,-94.90,152,0.00
1,1606.59,-92.70,153,0.00
1,1606.59,-93.30,153,0.00
1,1582.73,-93.80,154,0.00
1,1582.73,-90.50,154,0.00
1,1550.91,-82.10,155,0.00
1,1542.96,-81.80,155,0.00
1,1527.05,-85.10,156,0.00
1,1527.05,-87.90,156,0.00
1,1511.15,-88.70,157,0.00
1,1503.19,-89.30,157,0.00
1,1479.33,-90.40,158,0.00
1,1479.33,-86.50,158,0.00
1,1455.47,-87.20,159,0.00
1,1455.47,-87.90,159,0.00
1,1431.61,-84.00,160,0.00
1,1431.61,-84.40,160,0.00
1,1407.75,-85.40,161,0.00
1,1407.75,-85.80,161,0.00
1,1383.89,-82.20,162,0.00
1,1383.89,-89.30,162,0.00
1,1360.03,-93.20,163,0.00
1,1360.03,-92.50,163,0.00
1,1344.12,-92.20,164,0.00
1,1336.17,-80.10,164,0.00
1,1312.31,-80.80,165,0.00
1,1312.31,-81.30,165,0.00
1,1288.45,-79.30,166,0.00
1,1288.45,-79.40,166,0.00
1,1272.54,-80.00,167,0.00
1,1264.59,-80.10,167,0.00
1,1248.68,-88.00,168,0.00
1,1248.68,-91.90,168,0.00
1,1224.82,-91.60,169,0.00
1,1224.82,-90.80,169,0.00
1,1208.92,-89.40,170,0.00
1,1200.96,-93.90,170,0.00
1,1185.06,-93.00,171,0.00
1,1185.06,-92.30,171,0.00
1,1161.20,-81.70,172,0.00
1,1161.20,-95.40,172,0.00
1,1145.29,-95.50,173,0.00
1,1145.29,-95.20,173,0.00
1,1113.48,-80.10,174,0.00
1,1113.48,-79.50,174,0.00
1,1089.62,-79.30,175,0.00
1,1089.62,-81.60,175,0.00
1,1073.71,-80.80,176,0.00
1,1065.76,-80.30,176,0.00
1,1049.85,-83.50,177,0.00
1,1049.85,-82.70,177,0.00
1,1025.99,-82.10,178,0.00
1,1025.99,-81.60,178,0.00
1,1010.08,-85.60,179,0.00
1,1010.08,-84.80,179,0.00
1,994.17,-84.10,180,0.00
1,986.22,-88.50,180,0.00
1,970.31,-87.80,181,0.00
1,970.31,-87.00,181,0.00
1,954.41,-86.10,182,0.00
1,946.45,-90.50,182,0.00
1,930.55,-82.40,183,0.00
1,938.50,-95.20,183,0.00
1,922.59,-95.10,184,0.00
1,914.64,-94.20,184,0.00
1,898.73,-95.80,185,0.00
1,898.73,-96.00,185,0.00
1,882.83,-95.20,186,0.00
1,874.87,-95.30,186,0.00
1,858.97,-95.60,187,0.00
1,851.01,-79.30,187,0.00
1,843.06,-94.00,188,0.00
1,835.11,-93.80,188,0.00
1,827.15,-92.90,189,0.00
1,819.20,-95.70,189,0.00
1,803.29,-95.10,190,0.00
1,803.29,-94.90,190,0.00
1,787.39,-94.70,191,0.00
1,787.39,-95.60,191,0.00
1,771.48,-95.90,192,0.00
1,763.53,-95.80,192,0.00
1,739.67,-79.00,193,0.00
1,747.62,-90.20,193,0.00
1,731.71,-94.10,194,0.00
1,723.76,-93.10,194,0.00
1,715.81,-93.10,195,0.00
1,707.85,-92.70,195,0.00
1,691.95,-95.30,196,0.00
1,691.95,-95.10,196,0.00
1,676.04,-95.10,197,0.00
1,676.04,-95.90,197,0.00
1,660.13,-95.50,198,0.00
1,660.13,-95.50,198,0.00
1,644.23,-96.00,199,0.00
1,644.23,-95.00,199,0.00
1,628.32,-95.60,200,0.00
1,628.32,-95.70,200,0.00
1,612.41,-93.10,201,0.00
1,612.41,-93.40,201,0.00
1,596.50,-94.70,202,0.00
1,596.50,-94.70,202,0.00
1,580.60,-94.30,203,0.00
1,572.64,-86.70,203,0.00
1,556.74,-85.50,204,0.00
1,556.74,-90.10,204,0.00
1,540.83,-89.50,205,0.00
1,540.83,-89.20,205,0.00
1,524.92,-93.10,206,0.00
1,524.92,-92.90,206,0.00
1,509.02,-92.30,207,0.00
1,509.02,-91.50,207,0.00
1,493.11,-95.50,208,0.00
1,493.11,-90.90,208,0.00
1,477.20,-87.10,209,0.00
1,477.20,-87.50,209,0.00
1,461.30,-88.20,210,0.00
1,461.30,-84.10,210,0.00
1,445.39,-84.30,211,0.00
1,445.39,-85.40,211,0.00
1,429.48,-85.60,212,0.00
1,429.48,-81.60,212,0.00
1,421.53,-92.30,213,0.00
1,413.58,-82.30,213,0.00
1,405.62,-82.20,214,0.00
1,397.67,-79.50,214,0.00
1,389.72,-79.70,215,0.00
1,381.76,-79.90,215,0.00
1,373.81,-80.20,216,0.00
1,373.81,-78.80,216,0.00
1,357.90,-78.60,217,0.00
1,357.90,-78.60,217,0.00
1,342.00,-79.50,218,0.00
1,349.95,-94.80,218,0.00
1,342.00,-95.40,219,0.00
1,334.04,-95.60,219,0.00
1,326.09,-96.10,220,0.00
1,326.09,-93.10,220,0.00
1,318.14,-93.40,221,0.00
1,310.18,-93.90,221,0.00
1,302.23,-94.60,222,0.00
1,302.23,-90.50,222,0.00
1,278.37,-79.70,223,0.00
1,286.32,-95.10,223,0.00
1,278.37,-95.50,224,0.00
1,278.37,-92.10,224,0.00
1,262.46,-92.60,225,0.00
1,262.46,-93.30,225,0.00
1,254.51,-93.50,226,0.00
1,254.51,-89.40,226,0.00
1,238.60,-89.80,227,0.00
1,238.60,-90.70,227,0.00
1,230.65,-86.20,228,0.00
1,222.70,-78.90,228,0.00
1,214.74,-80.30,229,0.00
1,214.74,-80.30,229,0.00
1,198.83,-79.80,230,0.00
1,198.83,-83.10,230,0.00
1,190.88,-82.60,231,0.00
1,190.88,-81.80,231,0.00
1,182.93,-81.90,232,0.00
1,190.88,-89.10,232,0.00
1,182.93,-89.80,233,0.00
1,174.97,-90.00,233,0.00
1,167.02,-81.40,234,0.00
1,167.02,-81.70,234,0.00
1,159.07,-82.40,235,0.00
1,159.07,-79.10,235,0.00
1,143.16,-79.60,236,0.00
1,143.16,-79.80,236,0.00
1,143.16,-80.60,237,0.00
1,135.21,-78.30,237,0.00
1,127.25,-78.90,238,0.00
1,127.25,-78.60,238,0.00
1,119.30,-79.10,239,0.00
1,119.30,-78.90,239,0.00
1,111.35,-78.60,240,0.00
1,111.35,-78.70,240,0.00
1,103.39,-80.60,241,0.00
1,103.39,-80.30,241,0.00
1,95.44,-79.60,242,0.00
1,103.39,-91.50,242,0.00
1,103.39,-91.90,243,0.00
1,95.44,-92.90,243,0.00
1,87.49,-89.30,244,0.00
1,87.49,-88.80,244,0.00
1,79.53,-93.50,245,0.00
1,79.53,-92.80,245,0.00
1,79.53,-92.10,246,0.00
1,79.53,-96.10,246,0.00
1,71.58,-95.50,247,0.00
1,71.58,-94.90,247,0.00
1,71.58,-96.70,248,0.00
1,63.63,-87.40,248,0.00
1,63.63,-83.60,249,0.00
1,55.67,-93.20,249,0.00
1,55.67,-92.40,250,0.00
1,55.67,-91.80,250,0.00
1,47.72,-95.30,251,0.00
1,47.72,-95.30,251,0.00
1,47.72,-94.70,252,0.00
1,39.77,-78.70,252,0.00
1,39.77,-78.70,253,0.00
1,39.77,-79.10,253,0.00
1,39.77,-96.60,254,0.00
1,39.77,-96.70,254,0.00
1,39.77,-95.30,255,100.00
1,39.77,-95.60,255,100.00
1,31.81,-96.10,1,0.00
1,31.81,-96.00,1,0.00
1,3364.29,-64.30,2,0.00
1,5161.76,-69.60,2,0.00
1,5456.03,-56.40,3,0.00
1,5456.03,-54.20,3,0.00
1,5456.03,-54.90,4,0.00
1,5448.08,-55.30,4,0.00
1,5448.08,-55.70,5,0.00
1,5448.08,-53.20,5,0.00
1,5448.08,-53.90,6,0.00
1,5448.08,-54.40,6,0.00
1,5440.12,-52.40,7,0.00
1,5440.12,-52.30,7,0.00
1,5456.03,-49.10,8,0.00
1,5456.03,-52.30,8,0.00
1,5448.08,-52.60,9,0.00
1,5432.17,-53.00,9,0.00
1,5448.08,-55.20,10,0.00
1,5448.08,-54.80,10,0.00
1,5448.08,-54.70,11,0.00
1,5448.08,-57.90,11,0.00
1,5448.08,-58.00,12,0.00
1,5448.08,-57.60,12,0.00
1,5448.08,-57.60,13,0.00
1,5440.12,-60.80,13,0.00
1,5440.12,-61.20,14,0.00
1,5440.12,-61.40,14,0.00
1,5432.17,-62.10,15,0.00
1,5432.17,-62.10,15,0.00
1,5432.17,-61.20,16,0.00
1,5424.22,-61.40,16,0.00
1,5424.22,-62.30,17,0.00
1,5424.22,-60.20,17,0.00
1,5416.26,-51.40,18,0.00
1,5416.26,-51.30,18,0.00
1,5416.26,-53.00,19,0.00
1,5424.22,-63.90,19,0.00
1,5416.26,-62.10,20,0.00
1,5416.26,-62.30,20,0.00
1,5416.26,-62.90,21,0.00
1,5408.31,-60.30,21,0.00
1,5408.31,-61.10,22,0.00
1,5408.31,-61.60,22,0.00
1,5400.36,-62.70,23,0.00
1,5400.36,-60.00,23,0.00
1,5400.36,-60.60,24,0.00
1,5400.36,-61.00,24,0.00
1,5392.40,-58.30,25,0.00
1,5408.31,-64.10,25,0.00
1,5408.31,-63.90,26,0.00
1,5400.36,-63.60,26,0.00
1,5400.36,-63.20,27,0.00
1,5384.45,-61.20,27,0.00
1,5376.50,-62.20,28,0.00
1,5376.50,-62.80,28,0.00
1,5376.50,-60.30,29,0.00
1,5376.50,-60.80,29,0.00
1,5392.40,-67.60,30,0.00
1,5392.40,-67.00,30,0.00
1,5392.40,-67.00,31,0.00
1,5392.40,-66.80,31,0.00
1,5384.45,-70.10,32,0.00
1,5384.45,-69.70,32,0.00
1,5376.50,-68.40,33,0.00
1,5368.54,-69.10,33,0.00
1,5368.54,-70.20,34,0.00
1,5368.54,-67.30,34,0.00
1,5360.59,-68.40,35,0.00
1,5360.59,-68.70,35,0.00
1,5352.64,-66.30,36,0.00
1,5352.64,-66.60,36,0.00
1,5352.64,-68.20,37,0.00
1,5352.64,-65.40,37,0.00
1,5352.64,-65.70,38,0.00
1,5352.64,-65.10,38,0.00
1,5352.64,-65.50,39,0.00
1,5352.64,-68.30,39,0.00
1,5336.73,-71.20,40,0.00
1,5336.73,-67.90,40,0.00
1,5344.68,-72.10,41,0.00
1,5344.68,-71.20,41,0.00
1,5336.73,-71.40,42,0.00
1,5336.73,-70.80,42,0.00
1,5336.73,-74.80,43,0.00
1,5336.73,-74.10,43,0.00
1,5328.78,-74.30,44,0.00
1,5328.78,-77.00,44,0.00
1,5320.82,-77.50,45,0.00
1,5320.82,-77.00,45,0.00
1,5320.82,-77.30,46,0.00
1,5320.82,-78.70,46,0.00
1,5312.87,-79.60,47,0.00
1,5296.96,-71.70,47,0.00
1,5296.96,-72.70,48,0.00
1,5289.01,-73.50,48,0.00
1,5289.01,-71.20,49,0.00
1,5281.06,-71.50,49,0.00
1,5289.01,-80.40,50,0.00
1,5296.96,-79.90,50,0.00
1,5289.01,-80.20,51,0.00
1,5281.06,-79.70,51,0.00
1,5281.06,-82.70,52,0.00
1,5273.10,-82.00,52,0.00
1,5257.20,-80.40,53,0.00
1,5257.20,-80.60,53,0.00
1,5249.24,-81.80,54,0.00
1,5249.24,-78.90,54,0.00
1,5241.29,-80.20,55,0.00
1,5241.29,-80.50,55,0.00
1,5225.38,-78.10,56,0.00
1,5233.34,-77.60,56,0.00
1,5225.38,-78.00,57,0.00
1,5225.38,-86.10,57,0.00
1,5217.43,-87.10,58,0.00
1,5217.43,-86.30,58,0.00
1,5201.52,-87.40,59,0.00
1,5201.52,-87.20,59,0.00
1,5185.62,-85.70,60,0.00
1,5185.62,-78.90,60,0.00
1,5169.71,-83.00,61,0.00
1,5169.71,-82.30,61,0.00
1,5153.80,-82.60,62,0.00
1,5153.80,-86.40,62,0.00
1,5129.94,-85.80,63,0.00
1,5129.94,-85.50,63,0.00
1,5106.08,-85.60,64,0.00
1,5106.08,-88.10,64,0.00
1,5082.22,-88.40,65,0.00
1,5074.27,-87.80,65,0.00
1,5050.41,-88.00,66,0.00
1,5042.45,-90.30,66,0.00
1,4994.73,-83.70,67,0.00
1,4994.73,-80.70,67,0.00
1,4954.97,-81.50,68,0.00
1,4947.01,-81.80,68,0.00
1,4915.20,-82.20,69,0.00
1,4899.29,-80.30,69,0.00
1,4859.53,-80.40,70,0.00
1,4851.57,-80.40,70,0.00
1,4827.71,-90.90,71,0.00
1,4811.81,-90.60,71,0.00
1,4764.09,-79.90,72,0.00
1,4756.13,-83.10,72,0.00
1,4724.32,-83.20,73,0.00
1,4716.37,-82.50,73,0.00
1,4676.60,-84.90,74,0.00
1,4660.69,-84.10,74,0.00
1,4620.92,-84.10,75,0.00
1,4612.97,-87.80,75,0.00
1,4573.20,-87.40,76,0.00
1,4565.25,-86.90,76,0.00
1,4517.53,-85.40,77,0.00
1,4501.62,-85.40,77,0.00
1,4461.86,-86.00,78,0.00
1,4453.90,-86.50,78,0.00
1,4414.14,-83.70,79,0.00
1,4406.18,-83.90,79,0.00
1,4374.37,-84.80,80,0.00
1,4358.46,-81.80,80,0.00
1,4334.60,-91.10,81,0.00
1,4318.70,-92.10,81,0.00
1,4286.88,-92.30,82,0.00
1,4270.98,-92.20,82,0.00
1,4239.16,-91.90,83,0.00
1,4223.25,-91.80,83,0.00
1,4191.44,-91.80,84,0.00
1,4175.53,-92.00,84,0.00
1,4135.77,-90.00,85,0.00
1,4127.81,-91.10,85,0.00
1,4088.05,-90.80,86,0.00
1,4080.09,-91.10,86,0.00
1,4032.37,-80.20,87,0.00
1,4032.37,-91.90,87,0.00
1,4000.56,-92.10,88,0.00
1,3984.65,-91.10,88,0.00
1,3952.84,-92.50,89,0.00
1,3936.93,-92.30,89,0.00
1,3897.17,-92.40,90,0.00
1,3889.21,-91.40,90,0.00
1,3841.49,-79.30,91,0.00
1,3833.54,-81.00,91,0.00
1,3801.72,-85.90,92,0.00
1,3785.82,-89.10,92,0.00
1,3754.00,-88.20,93,0.00
1,3746.05,-88.00,93,0.00
1,3714.24,-87.80,94,0.00
1,3706.28,-90.90,94,0.00
1,3666.52,-90.50,95,0.00
1,3658.56,-89.70,95,0.00
1,3626.75,-89.30,96,0.00
1,3602.89,-83.60,96,0.00
1,3571.08,-84.20,97,0.00
1,3563.12,-84.50,97,0.00
1,3531.31,-82.10,98,0.00
1,3515.40,-82.40,98,0.00
1,3483.59,-82.50,99,0.00
1,3475.64,-80.50,99,0.00
1,3443.82,-80.60,100,0.00
1,3427.91,-81.00,100,0.00
1,3396.10,-81.50,101,0.00
1,3396.10,-92.00,101,0.00
1,3364.29,-92.10,102,0.00
1,3348.38,-92.70,102,0.00
1,3300.66,-84.20,103,0.00
1,3292.71,-84.40,103,0.00
1,3268.85,-81.70,104,0.00
1,3252.94,-82.30,104,0.00
1,3221.13,-82.80,105,0.00
1,3213.17,-83.50,105,0.00
1,3181.36,-80.40,106,0.00
1,3181.36,-83.90,106,0.00
1,3149.55,-83.90,107,0.00
1,3141.59,-82.90,107,0.00
1,3109.78,-86.80,108,0.00
1,3101.83,-86.10,108,0.00
1,3070.01,-85.40,109,0.00
1,3070.01,-89.40,109,0.00
1,3030.24,-88.90,110,0.00
1,3030.24,-88.20,110,0.00
1,2990.48,-87.50,111,0.00
1,2982.52,-91.20,111,0.00
1,2942.76,-79.90,112,0.00
1,2934.80,-79.80,112,0.00
1,2902.99,-79.80,113,0.00
1,2895.04,-81.50,113,0.00
1,2863.22,-81.10,114,0.00
1,2855.27,-80.50,114,0.00
1,2823.46,-83.80,115,0.00
1,2823.46,-92.50,115,0.00
1,2791.64,-92.90,116,0.00
1,2783.69,-90.70,116,0.00
1,2751.88,-91.20,117,0.00
1,2743.92,-91.70,117,0.00
1,2712.11,-92.20,118,0.00
1,2704.16,-80.90,118,0.00
1,2680.30,-83.90,119,0.00
1,2672.34,-83.70,119,0.00
1,2640.53,-82.80,120,0.00
1,2632.57,-86.80,120,0.00
1,2600.76,-86.10,121,0.00
1,2592.81,-85.30,121,0.00
1,2553.04,-85.10,122,0.00
1,2553.04,-86.40,122,0.00
1,2521.23,-82.40,123,0.00
1,2513.27,-83.60,123,0.00
1,2481.46,-83.50,124,0.00
1,2481.46,-80.70,124,0.00
1,2457.60,-82.40,125,0.00
1,2449.65,-86.20,125,0.00
1,2417.83,-85.40,126,0.00
1,2417.83,-84.60,126,0.00
1,2386.02,-88.30,127,0.00
1,2378.07,-88.20,127,0.00
1,2354.21,-87.30,128,0.00
1,2346.25,-91.40,128,0.00
1,2314.44,-90.60,129,0.00
1,2306.49,-90.50,129,0.00
1,2282.63,-89.50,130,0.00
1,2274.67,-92.70,130,0.00
1,2250.81,-92.30,131,0.00
1,2242.86,-91.40,131,0.00
1,2203.09,-83.90,132,0.00
1,2203.09,-83.00,132,0.00
1,2171.28,-82.60,133,0.00
1,2163.32,-81.90,133,0.00
1,2139.46,-90.40,134,0.00
1,2131.51,-79.60,134,0.00
1,2107.65,-79.70,135,0.00
1,2099.70,-81.10,135,0.00
1,2075.84,-80.70,136,0.00
1,2067.88,-80.40,136,0.00
1,2044.02,-83.30,137,0.00
1,2036.07,-82.70,137,0.00
1,2012.21,-82.30,138,0.00
1,2004.26,-82.00,138,0.00
1,1980.40,-85.70,139,0.00
1,1980.40,-84.70,139,0.00
1,1948.58,-84.40,140,0.00
1,1948.58,-88.70,140,0.00
1,1924.72,-87.80,141,0.00
1,1916.77,-87.40,141,0.00
1,1892.91,-84.30,142,0.00
1,1884.96,-85.20,142,0.00
1,1869.05,-85.50,143,0.00
1,1861.10,-82.10,143,0.00
1,1837.24,-86.70,144,0.00
1,1837.24,-90.70,144,0.00
1,1813.37,-90.10,145,0.00
1,1805.42,-89.20,145,0.00
1,1789.51,-88.90,146,0.00
1,1781.56,-92.40,146,0.00
1,1757.70,-92.00,147,0.00
1,1757.70,-91.40,147,0.00
1,1733.84,-94.40,148,0.00
1,1733.84,-93.90,148,0.00
1,1709.98,-93.60,149,0.00
1,1694.07,-79.80,149,0.00
1,1670.21,-79.50,150,0.00
1,1662.26,-79.30,150,0.00
1,1646.35,-87.00,151,0.00
1,1646.35,-86.30,151,0.00
1,1630.45,-85.00,152,0.00
1,1622.49,-85.90,152,0.00
1,1598.63,-85.90,153,0.00
1,1598.63,-86.60,153,0.00
1,1574.77,-85.60,154,0.00
1,1574.77,-85.10,154,0.00
1,1550.91,-89.40,155,0.00
1,1550.91,-88.70,155,0.00
1,1527.05,-88.20,156,0.00
1,1527.05,-91.80,156,0.00
1,1503.19,-91.80,157,0.00
1,1503.19,-90.80,157,0.00
1,1487.29,-90.60,158,0.00
1,1479.33,-93.90,158,0.00
1,1463.43,-93.50,159,0.00
1,1455.47,-93.20,159,0.00
1,1439.57,-95.30,160,0.00
1,1439.57,-95.30,160,0.00
1,1415.70,-94.70,161,0.00
1,1415.70,-94.80,161,0.00
1,1391.84,-95.00,162,0.00
1,1375.94,-79.40,162,0.00
1,1367.98,-94.90,163,0.00
1,1360.03,-94.60,163,0.00
1,1344.12,-94.30,164,0.00
1,1344.12,-95.20,164,0.00
1,1312.31,-80.10,165,0.00
1,1312.31,-80.60,165,0.00
1,1288.45,-81.50,166,0.00
1,1288.45,-79.30,166,0.00
1,1272.54,-79.50,167,0.00
1,1264.59,-79.00,167,0.00
1,1248.68,-79.70,168,0.00
1,1240.73,-79.50,168,0.00
1,1224.82,-79.60,169,0.00
1,1216.87,-79.10,169,0.00
1,1200.96,-80.80,170,0.00
1,1200.96,-87.00,170,0.00
1,1185.06,-90.90,171,0.00
1,1177.10,-90.40,171,0.00
1,1161.20,-90.20,172,0.00
1,1161.20,-91.50,172,0.00
1,1137.34,-94.50,173,0.00
1,1137.34,-94.50,173,0.00
1,1121.43,-94.00,174,0.00
1,1121.43,-93.80,174,0.00
1,1097.57,-95.50,175,0.00
1,1097.57,-95.40,175,0.00
1,1081.66,-95.20,176,0.00
1,1073.71,-95.30,176,0.00
1,1057.80,-95.40,177,0.00
1,1057.80,-95.70,177,0.00
1,1033.94,-95.70,178,0.00
1,1033.94,-93.90,178,0.00
1,1018.04,-94.10,179,0.00
1,1018.04,-94.70,179,0.00
1,994.17,-95.00,180,0.00
1,986.22,-79.80,180,0.00
1,970.31,-83.30,181,0.00
1,970.31,-83.00,181,0.00
1,962.36,-95.70,182,0.00
1,946.45,-80.00,182,0.00
1,930.55,-80.00,183,0.00
1,922.59,-82.70,183,0.00
1,906.69,-82.40,184,0.00
1,906.69,-81.90,184,0.00
1,890.78,-85.70,185,0.00
1,890.78,-85.20,185,0.00
1,874.87,-84.40,186,0.00
1,874.87,-84.00,186,0.00
1,851.01,-88.50,187,0.00
1,851.01,-87.60,187,0.00
1,835.11,-87.00,188,0.00
1,835.11,-91.40,188,0.00
1,819.20,-90.90,189,0.00
1,819.20,-90.70,189,0.00
1,803.29,-95.20,190,0.00
1,803.29,-95.30,190,0.00
1,787.39,-95.80,191,0.00
1,787.39,-93.00,191,0.00
1,763.53,-79.30,192,0.00
1,755.57,-78.90,192,0.00
1,747.62,-92.90,193,0.00
1,747.62,-93.90,193,0.00
1,731.71,-89.40,194,0.00
1,731.71,-90.30,194,0.00
1,715.81,-90.70,195,0.00
1,707.85,-86.60,195,0.00
1,683.99,-84.20,196,0.00
1,683.99,-83.60,196,0.00
1,676.04,-82.70,197,0.00
1,668.09,-82.70,197,0.00
1,652.18,-86.60,198,0.00
1,652.18,-86.10,198,0.00
1,636.27,-85.00,199,0.00
1,636.27,-90.60,199,0.00
1,620.37,-89.20,200,0.00
1,620.37,-88.90,200,0.00
1,604.46,-88.00,201,0.00
1,604.46,-92.80,201,0.00
1,596.50,-94.60,202,0.00
1,588.55,-90.30,202,0.00
1,572.64,-86.80,203,0.00
1,572.64,-91.30,203,0.00
1,564.69,-90.50,204,0.00
1,556.74,-89.70,204,0.00
1,540.83,-89.20,205,0.00
1,540.83,-93.70,205,0.00
1,532.88,-93.10,206,0.00
1,524.92,-92.70,206,0.00
1,516.97,-95.90,207,0.00
1,509.02,-95.40,207,0.00
1,501.06,-95.30,208,0.00
1,493.11,-94.50,208,0.00
1,485.16,-96.50,209,0.00
1,477.20,-93.40,209,0.00
1,469.25,-89.10,210,0.00
1,469.25,-89.80,210,0.00
1,453.34,-90.60,211,0.00
1,453.34,-90.50,211,0.00
1,437.44,-85.70,212,0.00
1,437.44,-86.80,212,0.00
1,421.53,-94.60,213,0.00
1,421.53,-94.70,213,0.00
1,413.58,-95.30,214,0.00
1,405.62,-91.70,214,0.00
1,397.67,-92.10,215,0.00
1,389.72,-92.80,215,0.00
1,381.76,-93.30,216,0.00
1,381.76,-89.30,216,0.00
1,365.86,-90.20,217,0.00
1,365.86,-90.70,217,0.00
1,349.95,-85.90,218,0.00
1,349.95,-87.20,218,0.00
1,342.00,-87.30,219,0.00
1,334.04,-88.20,219,0.00
1,326.09,-84.10,220,0.00
1,326.09,-84.70,220,0.00
1,310.18,-85.20,221,0.00
1,310.18,-88.80,221,0.00
1,294.28,-88.50,222,0.00
1,294.28,-87.40,222,0.00
1,286.32,-85.30,223,0.00
1,286.32,-86.00,223,0.00
1,270.42,-86.90,224,0.00
1,270.42,-82.70,224,0.00
1,262.46,-82.70,225,0.00
1,262.46,-83.70,225,0.00
1,246.56,-80.10,226,0.00
1,246.56,-80.50,226,0.00
1,238.60,-96.00,227,0.00
1,238.60,-95.40,227,0.00
1,230.65,-95.00,228,0.00
1,230.65,-97.00,228,0.00
1,222.70,-93.60,229,0.00
1,222.70,-89.00,229,0.00
1,206.79,-89.60,230,0.00
1,206.79,-90.30,230,0.00
1,198.83,-86.10,231,0.00
1,190.88,-83.10,231,0.00
1,182.93,-82.20,232,0.00
1,182.93,-86.70,232,0.00
1,174.97,-86.10,233,0.00
1,174.97,-87.00,233,0.00
1,167.02,-82.50,234,0.00
1,167.02,-83.20,234,0.00
1,159.07,-83.70,235,0.00
1,159.07,-80.40,235,0.00
1,151.11,-80.60,236,0.00
1,151.11,-81.10,236,0.00
1,143.16,-81.70,237,0.00
1,135.21,-78.90,237,0.00
1,127.25,-79.60,238,0.00
1,135.21,-79.50,238,0.00
1,127.25,-80.00,239,0.00
1,119.30,-79.00,239,0.00
1,111.35,-78.90,240,0.00
1,111.35,-79.20,240,0.00
1,103.39,-80.40,241,0.00
1,111.35,-89.00,241,0.00
1,103.39,-88.80,242,0.00
1,103.39,-86.10,242,0.00
1,95.44,-87.20,243,0.00
1,95.44,-83.80,243,0.00
1,87.49,-89.00,244,0.00
1,87.49,-87.90,244,0.00
1,79.53,-87.50,245,0.00
1,79.53,-86.60,245,0.00
1,79.53,-91.60,246,0.00
1,79.53,-90.70,246,0.00
1,71.58,-90.10,247,0.00
1,71.58,-94.50,247,0.00
1,63.63,-94.30,248,0.00
1,63.63,-93.10,248,0.00
1,63.63,-95.40,249,0.00
1,63.63,-95.60,249,0.00
1,55.67,-91.80,250,0.00
1,55.67,-92.80,250,0.00
1,55.67,-93.20,251,0.00
1,47.72,-80.80,251,0.00
1,39.77,-80.40,252,0.00
1,39.77,-80.30,252,0.00
1,39.77,-79.50,253,0.00
1,39.77,-82.60,253,0.00
1,39.77,-90.30,254,0.00
1,39.77,-85.90,254,0.00
1,39.77,-86.90,255,100.00
1,31.81,-87.30,255,100.00
1,31.81,-83.30,1,0.00
1,31.81,-83.80,1,0.00
1,3372.24,-59.60,2,0.00
1,5153.80,-62.80,2,0.00
1,5360.59,-51.70,3,0.00
1,5360.59,-54.40,3,0.00
1,5360.59,-54.00,4,0.00
1,5360.59,-53.90,4,0.00
1,5360.59,-56.30,5,0.00
1,5360.59,-56.00,5,0.00
1,5352.64,-56.20,6,0.00
1,5336.73,-45.60,6,0.00
1,5336.73,-46.30,7,0.00
1,5336.73,-46.40,7,0.00
1,5336.73,-46.80,8,0.00
1,5336.73,-46.00,8,0.00
1,5344.68,-57.70,9,0.00
1,5336.73,-55.70,9,0.00
1,5336.73,-56.60,10,0.00
1,5336.73,-56.90,10,0.00
1,5336.73,-57.40,11,0.00
1,5328.78,-55.20,11,0.00
1,5328.78,-56.10,12,0.00
1,5328.78,-56.80,12,0.00
1,5328.78,-54.20,13,0.00
1,5320.82,-49.90,13,0.00
1,5320.82,-48.80,14,0.00
1,5320.82,-48.80,14,0.00
1,5320.82,-49.40,15,0.00
1,5320.82,-49.00,15,0.00
1,5320.82,-49.40,16,0.00
1,5328.78,-61.40,16,0.00
1,5328.78,-60.90,17,0.00
1,5328.78,-61.10,17,0.00
1,5320.82,-61.80,18,0.00
1,5320.82,-50.90,18,0.00
1,5312.87,-58.30,19,0.00
1,5312.87,-59.00,19,0.00
1,5312.87,-59.70,20,0.00
1,5312.87,-57.20,20,0.00
1,5304.92,-58.00,21,0.00
1,5304.92,-58.30,21,0.00
1,5304.92,-59.70,22,0.00
1,5304.92,-56.40,22,0.00
1,5296.96,-57.10,23,0.00
1,5296.96,-58.10,23,0.00
1,5296.96,-55.70,24,0.00
1,5296.96,-55.90,24,0.00
1,5289.01,-57.10,25,0.00
1,5289.01,-57.40,25,0.00
1,5289.01,-55.30,26,0.00
1,5296.96,-56.20,26,0.00
1,5296.96,-59.60,27,0.00
1,5296.96,-59.00,27,0.00
1,5296.96,-59.10,28,0.00
1,5296.96,-58.40,28,0.00
1,5296.96,-62.30,29,0.00
1,5281.06,-59.60,29,0.00
1,5273.10,-57.50,30,0.00
1,5273.10,-57.50,30,0.00
1,5273.10,-58.80,31,0.00
1,5273.10,-57.00,31,0.00
1,5265.15,-57.60,32,0.00
1,5265.15,-57.60,32,0.00
1,5273.10,-60.50,33,0.00
1,5273.10,-59.90,33,0.00
1,5273.10,-70.10,34,0.00
1,5273.10,-70.40,34,0.00
1,5265.15,-69.30,35,0.00
1,5265.15,-69.80,35,0.00
1,5265.15,-70.50,36,0.00
1,5265.15,-62.30,36,0.00
1,5265.15,-62.40,37,0.00
1,5265.15,-61.60,37,0.00
1,5257.20,-65.60,38,0.00
1,5257.20,-64.70,38,0.00
1,5257.20,-64.80,39,0.00
1,5241.29,-64.30,39,0.00
1,5241.29,-65.50,40,0.00
1,5241.29,-65.80,40,0.00
1,5233.34,-67.40,41,0.00
1,5233.34,-64.10,41,0.00
1,5233.34,-65.00,42,0.00
1,5233.34,-65.90,42,0.00
1,5225.38,-63.80,43,0.00
1,5225.38,-64.50,43,0.00
1,5225.38,-65.40,44,0.00
1,5225.38,-65.80,44,0.00
1,5217.43,-64.40,45,0.00
1,5217.43,-64.80,45,0.00
1,5225.38,-74.20,46,0.00
1,5225.38,-77.00,46,0.00
1,5225.38,-77.20,47,0.00
1,5225.38,-76.80,47,0.00
1,5217.43,-76.90,48,0.00
1,5217.43,-78.90,48,0.00
1,5209.48,-79.10,49,0.00
1,5209.48,-80.20,49,0.00
1,5201.52,-79.30,50,0.00
1,5201.52,-79.70,50,0.00
1,5193.57,-80.30,51,0.00
1,5193.57,-80.90,51,0.00
1,5185.62,-79.40,52,0.00
1,5177.66,-74.80,52,0.00
1,5169.71,-72.40,53,0.00
1,5169.71,-73.00,53,0.00
1,5161.76,-74.40,54,0.00
1,5161.76,-71.60,54,0.00
1,5153.80,-72.10,55,0.00
1,5153.80,-73.00,55,0.00
1,5161.76,-84.40,56,0.00
1,5161.76,-84.10,56,0.00
1,5153.80,-84.60,57,0.00
1,5153.80,-84.10,57,0.00
1,5137.90,-86.10,58,0.00
1,5137.90,-85.80,58,0.00
1,5129.94,-86.80,59,0.00
1,5129.94,-85.70,59,0.00
1,5106.08,-74.60,60,0.00
1,5106.08,-74.80,60,0.00
1,5082.22,-75.40,61,0.00
1,5082.22,-75.60,61,0.00
1,5066.31,-75.90,62,0.00
1,5074.27,-76.00,62,0.00
1,5058.36,-77.60,63,0.00
1,5058.36,-77.00,63,0.00
1,5042.45,-77.40,64,0.00
1,5034.50,-79.60,64,0.00
1,5010.64,-85.80,65,0.00
1,5010.64,-86.50,65,0.00
1,4986.78,-78.40,66,0.00
1,4986.78,-79.60,66,0.00
1,4962.92,-79.80,67,0.00
1,4954.97,-79.30,67,0.00
1,4931.11,-81.80,68,0.00
1,4923.15,-81.50,68,0.00
1,4891.34,-81.50,69,0.00
1,4883.39,-81.00,69,0.00
1,4843.62,-87.30,70,0.00
1,4835.67,-87.50,70,0.00
1,4803.85,-85.70,71,0.00
1,4795.90,-86.20,71,0.00
1,4756.13,-82.00,72,0.00
1,4748.18,-81.80,72,0.00
1,4716.37,-82.20,73,0.00
1,4708.41,-83.10,73,0.00
1,4668.65,-80.50,74,0.00
1,4660.69,-80.30,74,0.00
1,4620.92,-81.50,75,0.00
1,4620.92,-89.40,75,0.00
1,4581.16,-89.20,76,0.00
1,4573.20,-88.60,76,0.00
1,4533.44,-91.00,77,0.00
1,4525.48,-90.80,77,0.00
1,4485.72,-90.10,78,0.00
1,4469.81,-89.70,78,0.00
1,4430.04,-91.70,79,0.00
1,4422.09,-91.50,79,0.00
1,4382.32,-91.10,80,0.00
1,4366.42,-91.80,80,0.00
1,4334.60,-90.80,81,0.00
1,4318.70,-91.20,81,0.00
1,4286.88,-91.30,82,0.00
1,4278.93,-88.80,82,0.00
1,4239.16,-89.70,83,0.00
1,4223.25,-89.60,83,0.00
1,4183.49,-90.20,84,0.00
1,4175.53,-87.20,84,0.00
1,4135.77,-88.10,85,0.00
1,4127.81,-80.20,85,0.00
1,4088.05,-82.60,86,0.00
1,4080.09,-82.00,86,0.00
1,4048.28,-81.50,87,0.00
1,4032.37,-81.20,87,0.00
1,4000.56,-84.00,88,0.00
1,3992.61,-83.60,88,0.00
1,3952.84,-83.10,89,0.00
1,3944.89,-82.20,89,0.00
1,3905.12,-85.80,90,0.00
1,3881.26,-84.40,90,0.00
1,3849.45,-81.00,91,0.00
1,3841.49,-79.40,91,0.00
1,3801.72,-79.90,92,0.00
1,3793.77,-79.50,92,0.00
1,3754.00,-79.80,93,0.00
1,3746.05,-80.20,93,0.00
1,3706.28,-80.10,94,0.00
1,3698.33,-79.50,94,0.00
1,3666.52,-82.10,95,0.00
1,3666.52,-92.50,95,0.00
1,3618.80,-80.90,96,0.00
1,3610.84,-81.10,96,0.00
1,3571.08,-79.60,97,0.00
1,3563.12,-79.90,97,0.00
1,3531.31,-79.90,98,0.00
1,3523.36,-80.00,98,0.00
1,3491.54,-79.70,99,0.00
1,3475.64,-79.50,99,0.00
1,3443.82,-79.30,100,0.00
1,3443.82,-92.10,100,0.00
1,3404.05,-92.20,101,0.00
1,3396.10,-90.40,101,0.00
1,3364.29,-90.70,102,0.00
1,3356.33,-91.10,102,0.00
1,3316.57,-91.20,103,0.00
1,3308.61,-88.50,103,0.00
1,3276.80,-89.00,104,0.00
1,3268.85,-89.40,104,0.00
1,3221.13,-79.40,105,0.00
1,3213.17,-79.30,105,0.00
1,3181.36,-79.50,106,0.00
1,3173.41,-79.60,106,0.00
1,3141.59,-79.80,107,0.00
1,3133.64,-79.20,107,0.00
1,3101.83,-81.00,108,0.00
1,3093.87,-80.70,108,0.00
1,3062.06,-80.70,109,0.00
1,3054.10,-83.30,109,0.00
1,3022.29,-84.20,110,0.00
1,3014.34,-85.80,110,0.00
1,2982.52,-86.70,111,0.00
1,2974.57,-82.00,111,0.00
1,2942.76,-85.60,112,0.00
1,2934.80,-85.60,112,0.00
1,2902.99,-84.70,113,0.00
1,2902.99,-84.20,113,0.00
1,2863.22,-88.20,114,0.00
1,2855.27,-89.30,114,0.00
1,2823.46,-86.30,115,0.00
1,2815.50,-86.10,115,0.00
1,2783.69,-87.00,116,0.00
1,2775.74,-87.60,116,0.00
1,2743.92,-84.20,117,0.00
1,2735.97,-84.80,117,0.00
1,2704.16,-85.50,118,0.00
1,2696.20,-82.30,118,0.00
1,2672.34,-82.70,119,0.00
1,2664.39,-83.40,119,0.00
1,2632.57,-80.20,120,0.00
1,2624.62,-80.60,120,0.00
1,2600.76,-93.30,121,0.00
1,2592.81,-93.00,121,0.00
1,2560.99,-92.90,122,0.00
1,2560.99,-92.20,122,0.00
1,2529.18,-93.50,123,0.00
1,2521.23,-93.30,123,0.00
1,2481.46,-82.00,124,0.00
1,2473.51,-79.30,124,0.00
1,2449.65,-79.70,125,0.00
1,2441.69,-80.40,125,0.00
1,2409.88,-80.50,126,0.00
1,2401.93,-79.10,126,0.00
1,2378.07,-93.70,127,0.00
1,2378.07,-94.00,127,0.00
1,2346.25,-94.10,128,0.00
1,2338.30,-92.50,128,0.00
1,2314.44,-91.70,129,0.00
1,2306.49,-87.80,129,0.00
1,2274.67,-89.00,130,0.00
1,2274.67,-89.10,130,0.00
1,2234.91,-84.10,131,0.00
1,2234.91,-88.10,131,0.00
1,2203.09,-87.80,132,0.00
1,2203.09,-86.80,132,0.00
1,2179.23,-86.60,133,0.00
1,2163.32,-87.60,133,0.00
1,2139.46,-87.90,134,0.00
1,2131.51,-88.80,134,0.00
1,2107.65,-85.20,135,0.00
1,2099.70,-85.50,135,0.00
1,2075.84,-86.40,136,0.00
1,2067.88,-82.70,136,0.00
1,2036.07,-83.30,137,0.00
1,2036.07,-84.00,137,0.00
1,2012.21,-80.80,138,0.00
1,2004.26,-81.00,138,0.00
1,1980.40,-81.30,139,0.00
1,1972.44,-81.80,139,0.00
1,1948.58,-79.70,140,0.00
1,1940.63,-79.90,140,0.00
1,1916.77,-80.10,141,0.00
1,1924.72,-94.60,141,0.00
1,1900.86,-94.20,142,0.00
1,1884.96,-81.00,142,0.00
1,1869.05,-92.10,143,0.00
1,1861.10,-91.30,143,0.00
1,1837.24,-93.80,144,0.00
1,1837.24,-93.90,144,0.00
1,1813.37,-93.70,145,0.00
1,1813.37,-93.20,145,0.00
1,1789.51,-94.60,146,0.00
1,1781.56,-94.70,146,0.00
1,1757.70,-94.50,147,0.00
1,1757.70,-93.80,147,0.00
1,1725.89,-88.10,148,0.00
1,1717.93,-89.00,148,0.00
1,1702.03,-89.50,149,0.00
1,1694.07,-90.00,149,0.00
1,1670.21,-86.30,150,0.00
1,1670.21,-87.10,150,0.00
1,1646.35,-87.40,151,0.00
1,1646.35,-92.50,151,0.00
1,1622.49,-92.30,152,0.00
1,1614.54,-82.30,152,0.00
1,1598.63,-83.00,153,0.00
1,1590.68,-84.00,153,0.00
1,1566.82,-80.50,154,0.00
1,1566.82,-80.50,154,0.00
1,1542.96,-81.00,155,0.00
1,1542.96,-81.70,155,0.00
1,1519.10,-79.40,156,0.00
1,1511.15,-79.20,156,0.00
1,1495.24,-79.50,157,0.00
1,1495.24,-79.60,157,0.00
1,1487.29,-94.20,158,0.00
1,1479.33,-94.40,158,0.00
1,1463.43,-94.60,159,0.00
1,1455.47,-92.20,159,0.00
1,1439.57,-93.00,160,0.00
1,1431.61,-92.80,160,0.00
1,1415.70,-89.50,161,0.00
1,1399.80,-82.00,161,0.00
1,1383.89,-92.40,162,0.00
1,1383.89,-93.50,162,0.00
1,1367.98,-93.80,163,0.00
1,1360.03,-89.80,163,0.00
1,1344.12,-90.50,164,0.00
1,1336.17,-90.80,164,0.00
1,1320.26,-91.40,165,0.00
1,1312.31,-88.00,165,0.00
1,1296.40,-88.30,166,0.00
1,1288.45,-88.70,166,0.00
1,1272.54,-82.70,167,0.00
1,1272.54,-80.00,167,0.00
1,1248.68,-79.90,168,0.00
1,1248.68,-80.60,168,0.00
1,1224.82,-80.60,169,0.00
1,1224.82,-79.10,169,0.00
1,1208.92,-79.00,170,0.00
1,1200.96,-79.20,170,0.00
1,1177.10,-79.90,171,0.00
1,1177.10,-81.10,171,0.00
1,1161.20,-80.70,172,0.00
1,1153.24,-80.10,172,0.00
1,1137.34,-83.30,173,0.00
1,1137.34,-89.90,173,0.00
1,1121.43,-90.70,174,0.00
1,1113.48,-90.90,174,0.00
1,1097.57,-91.80,175,0.00
1,1097.57,-87.50,175,0.00
1,1081.66,-88.60,176,0.00
1,1073.71,-88.40,176,0.00
1,1057.80,-84.70,177,0.00
1,1049.85,-84.90,177,0.00
1,1033.94,-86.00,178,0.00
1,1025.99,-86.30,178,0.00
1,1010.08,-82.40,179,0.00
1,1010.08,-83.00,179,0.00
1,994.17,-83.80,180,0.00
1,986.22,-80.40,180,0.00
1,970.31,-82.70,181,0.00
1,970.31,-89.00,181,0.00
1,954.41,-89.70,182,0.00
1,954.41,-85.30,182,0.00
1,930.55,-86.60,183,0.00
1,930.55,-86.70,183,0.00
1,914.64,-83.00,184,0.00
1,906.69,-83.40,184,0.00
1,890.78,-83.70,185,0.00
1,890.78,-80.40,185,0.00
1,874.87,-79.50,186,0.00
1,866.92,-79.10,186,0.00
1,851.01,-79.20,187,0.00
1,851.01,-79.30,187,0.00
1,835.11,-80.40,188,0.00
1,835.11,-80.20,188,0.00
1,819.20,-93.80,189,0.00
1,819.20,-94.70,189,0.00
1,803.29,-90.80,190,0.00
1,803.29,-91.30,190,0.00
1,779.43,-79.50,191,0.00
1,787.39,-94.60,191,0.00
1,771.48,-95.00,192,0.00
1,771.48,-91.40,192,0.00
1,755.57,-92.10,193,0.00
1,747.62,-92.70,193,0.00
1,731.71,-93.20,194,0.00
1,731.71,-89.10,194,0.00
1,715.81,-89.80,195,0.00
1,707.85,-90.70,195,0.00
1,699.90,-86.80,196,0.00
1,691.95,-87.10,196,0.00
1,676.04,-87.90,197,0.00
1,676.04,-83.40,197,0.00
1,660.13,-84.40,198,0.00
1,660.13,-84.90,198,0.00
1,644.23,-85.50,199,0.00
1,636.27,-81.70,199,0.00
1,620.37,-82.00,200,0.00
1,620.37,-87.10,200,0.00
1,612.41,-91.70,201,0.00
1,604.46,-90.70,201,0.00
1,588.55,-83.20,202,0.00
1,588.55,-82.80,202,0.00
1,572.64,-83.80,203,0.00
1,572.64,-80.30,203,0.00
1,556.74,-80.70,204,0.00
1,556.74,-95.40,204,0.00
1,548.78,-96.10,205,0.00
1,548.78,-95.80,205,0.00
1,532.88,-96.20,206,0.00
1,532.88,-94.00,206,0.00
1,516.97,-93.70,207,0.00
1,509.02,-94.90,207,0.00
1,501.06,-90.70,208,0.00
1,493.11,-91.20,208,0.00
1,485.16,-91.50,209,0.00
1,477.20,-87.80,209,0.00
1,469.25,-88.10,210,0.00
1,461.30,-80.80,210,0.00
1,445.39,-84.90,211,0.00
1,445.39,-83.80,211,0.00
1,437.44,-88.70,212,0.00
1,437.44,-89.00,212,0.00
1,421.53,-90.10,213,0.00
1,421.53,-90.50,213,0.00
1,405.62,-86.00,214,0.00
1,405.62,-87.30,214,0.00
1,389.72,-87.60,215,0.00
1,389.72,-83.80,215,0.00
1,381.76,-84.20,216,0.00
1,373.81,-84.90,216,0.00
1,365.86,-85.30,217,0.00
1,357.90,-81.60,217,0.00
1,349.95,-81.80,218,0.00
1,349.95,-82.70,218,0.00
1,334.04,-79.70,219,0.00
1,334.04,-79.70,219,0.00
1,326.09,-92.80,220,0.00
1,326.09,-89.20,220,0.00
1,310.18,-84.60,221,0.00
1,310.18,-85.60,221,0.00
1,302.23,-86.10,222,0.00
1,294.28,-92.30,222,0.00
1,286.32,-91.20,223,0.00
1,286.32,-95.40,223,0.00
1,278.37,-96.30,224,0.00
1,278.37,-96.70,224,0.00
1,262.46,-96.60,225,0.00
1,262.46,-96.60,225,0.00
1,254.51,-94.80,226,0.00
1,254.51,-95.60,226,0.00
1,238.60,-95.70,227,0.00
1,238.60,-92.20,227,0.00
1,230.65,-92.60,228,0.00
1,230.65,-93.80,228,0.00
1,222.70,-94.30,229,0.00
1,222.70,-89.40,229,0.00
1,206.79,-80.10,230,0.00
1,206.79,-83.00,230,0.00
1,190.88,-82.50,231,0.00
1,190.88,-82.10,231,0.00
1,182.93,-81.70,232,0.00
1,190.88,-91.10,232,0.00
1,174.97,-87.00,233,0.00
1,174.97,-87.20,233,0.00
1,167.02,-87.90,234,0.00
1,167.02,-88.90,234,0.00
1,159.07,-84.00,235,0.00
1,159.07,-92.50,235,0.00
1,151.11,-92.20,236,0.00
1,151.11,-91.10,236,0.00
1,143.16,-95.30,237,0.00
1,143.16,-95.00,237,0.00
1,135.21,-94.50,238,0.00
1,135.21,-96.90,238,0.00
1,127.25,-96.70,239,0.00
1,127.25,-96.80,239,0.00
1,119.30,-80.30,240,0.00
1,119.30,-80.30,240,0.00
1,111.35,-80.70,241,0.00
1,111.35,-81.60,241,0.00
1,103.39,-79.10,242,0.00
1,103.39,-79.10,242,0.00
1,95.44,-91.70,243,0.00
1,95.44,-87.20,243,0.00
1,87.49,-87.80,244,0.00
1,87.49,-88.30,244,0.00
1,87.49,-84.10,245,0.00
1,79.53,-84.50,245,0.00
1,79.53,-85.30,246,0.00
1,79.53,-85.60,246,0.00
1,71.58,-81.50,247,0.00
1,71.58,-82.10,247,0.00
1,63.63,-82.30,248,0.00
1,63.63,-79.10,248,0.00
1,55.67,-79.20,249,0.00
1,55.67,-79.70,249,0.00
1,55.67,-95.40,250,0.00
1,55.67,-94.70,250,0.00
1,47.72,-84.40,251,0.00
1,47.72,-85.20,251,0.00
1,47.72,-81.00,252,0.00
1,47.72,-81.20,252,0.00
1,47.72,-95.90,253,0.00
1,47.72,-95.60,253,0.00
1,39.77,-95.30,254,0.00
1,39.77,-95.40,254,0.00
1,39.77,-97.10,255,100.00
1,39.77,-96.90,255,100.00
1,31.81,-96.80,1,0.00
1,31.81,-96.30,1,0.00
1,3372.24,-66.10,2,0.00
1,5137.90,-66.90,2,0.00
1,5289.01,-55.50,3,0.00
1,5289.01,-54.70,3,0.00
1,5281.06,-55.20,4,0.00
1,5281.06,-55.50,4,0.00
1,5281.06,-53.40,5,0.00
1,5273.10,-46.40,5,0.00
1,5273.10,-44.80,6,0.00
1,5273.10,-44.90,6,0.00
1,5273.10,-46.70,7,0.00
1,5281.06,-46.60,7,0.00
1,5273.10,-54.50,8,0.00
1,5273.10,-54.90,8,0.00
1,5265.15,-55.50,9,0.00
1,5265.15,-53.30,9,0.00
1,5265.15,-53.80,10,0.00
1,5265.15,-54.00,10,0.00
1,5257.20,-51.20,11,0.00
1,5273.10,-55.10,11,0.00
1,5273.10,-54.80,12,0.00
1,5273.10,-54.60,12,0.00
1,5273.10,-57.80,13,0.00
1,5273.10,-57.70,13,0.00
1,5273.10,-57.70,14,0.00
1,5273.10,-57.50,14,0.00
1,5265.15,-59.50,15,0.00
1,5249.24,-52.10,15,0.00
1,5249.24,-53.00,16,0.00
1,5249.24,-50.20,16,0.00
1,5241.29,-50.70,17,0.00
1,5241.29,-51.00,17,0.00
1,5257.20,-61.30,18,0.00
1,5257.20,-61.50,18,0.00
1,5249.24,-60.70,19,0.00
1,5249.24,-60.80,19,0.00
1,5249.24,-61.50,20,0.00
1,5249.24,-61.80,20,0.00
1,5241.29,-60.00,21,0.00
1,5241.29,-60.00,21,0.00
1,5233.34,-61.40,22,0.00
1,5241.29,-58.30,22,0.00
1,5233.34,-59.20,23,0.00
1,5233.34,-59.70,23,0.00
1,5233.34,-60.40,24,0.00
1,5225.38,-57.40,24,0.00
1,5225.38,-58.30,25,0.00
1,5225.38,-52.90,25,0.00
1,5225.38,-53.40,26,0.00
1,5225.38,-53.60,26,0.00
1,5233.34,-65.20,27,0.00
1,5233.34,-65.30,27,0.00
1,5225.38,-66.10,28,0.00
1,5225.38,-55.40,28,0.00
1,5217.43,-55.50,29,0.00
1,5225.38,-58.00,29,0.00
1,5217.43,-58.30,30,0.00
1,5217.43,-57.80,30,0.00
1,5217.43,-61.60,31,0.00
1,5217.43,-61.00,31,0.00
1,5217.43,-61.00,32,0.00
1,5217.43,-60.60,32,0.00
1,5217.43,-64.80,33,0.00
1,5217.43,-63.70,33,0.00
1,5209.48,-64.00,34,0.00
1,5209.48,-67.50,34,0.00
1,5193.57,-65.00,35,0.00
1,5193.57,-65.70,35,0.00
1,5193.57,-63.00,36,0.00
1,5193.57,-63.80,36,0.00
1,5185.62,-64.70,37,0.00
1,5185.62,-64.90,37,0.00
1,5185.62,-62.80,38,0.00
1,5185.62,-62.90,38,0.00
1,5193.57,-71.10,39,0.00
1,5193.57,-70.70,39,0.00
1,5193.57,-70.90,40,0.00
1,5193.57,-73.20,40,0.00
1,5185.62,-73.30,41,0.00
1,5185.62,-72.90,41,0.00
1,5185.62,-73.60,42,0.00
1,5169.71,-65.90,42,0.00
1,5161.76,-63.40,43,0.00
1,5161.76,-63.70,43,0.00
1,5161.76,-64.90,44,0.00
1,5161.76,-62.90,44,0.00
1,5169.71,-73.60,45,0.00
1,5169.71,-76.50,45,0.00
1,5161.76,-77.00,46,0.00
1,5161.76,-76.90,46,0.00
1,5161.76,-77.40,47,0.00
1,5153.80,-77.90,47,0.00
1,5145.85,-78.50,48,0.00
1,5145.85,-77.30,48,0.00
1,5145.85,-68.10,49,0.00
1,5145.85,-71.70,49,0.00
1,5137.90,-71.90,50,0.00
1,5137.90,-71.20,50,0.00
1,5129.94,-71.10,51,0.00
1,5129.94,-75.00,51,0.00
1,5129.94,-75.00,52,0.00
1,5129.94,-74.70,52,0.00
1,5121.99,-78.60,53,0.00
1,5121.99,-78.10,53,0.00
1,5114.04,-78.10,54,0.00
1,5114.04,-77.50,54,0.00
1,5090.18,-76.00,55,0.00
1,5098.13,-76.40,55,0.00
1,5090.18,-77.40,56,0.00
1,5090.18,-74.50,56,0.00
1,5074.27,-75.40,57,0.00
1,5074.27,-75.80,57,0.00
1,5082.22,-81.20,58,0.00
1,5082.22,-83.90,58,0.00
1,5058.36,-73.10,59,0.00
1,5058.36,-73.60,59,0.00
1,5050.41,-73.60,60,0.00
1,5050.41,-73.60,60,0.00
1,5042.45,-74.40,61,0.00
1,5042.45,-75.40,61,0.00
1,5026.55,-76.00,62,0.00
1,5026.55,-75.20,62,0.00
1,5018.59,-78.30,63,0.00
1,5018.59,-78.00,63,0.00
1,5002.69,-78.50,64,0.00
1,5002.69,-85.50,64,0.00
1,4986.78,-83.40,65,0.00
1,4978.83,-84.20,65,0.00
1,4962.92,-84.80,66,0.00
1,4962.92,-85.20,66,0.00
1,4939.06,-82.80,67,0.00
1,4939.06,-83.60,67,0.00
1,4915.20,-84.00,68,0.00
1,4915.20,-80.90,68,0.00
1,4883.39,-81.90,69,0.00
1,4891.34,-90.90,69,0.00
1,4859.53,-91.20,70,0.00
1,4851.57,-91.50,70,0.00
1,4819.76,-91.00,71,0.00
1,4811.81,-91.30,71,0.00
1,4779.99,-91.60,72,0.00
1,4772.04,-91.70,72,0.00
1,4732.27,-90.20,73,0.00
1,4716.37,-81.70,73,0.00
1,4676.60,-81.00,74,0.00
1,4668.65,-89.80,74,0.00
1,4628.88,-91.30,75,0.00
1,4620.92,-91.50,75,0.00
1,4581.16,-91.60,76,0.00
1,4565.25,-89.00,76,0.00
1,4525.48,-89.80,77,0.00
1,4517.53,-90.00,77,0.00
1,4477.76,-90.50,78,0.00
1,4461.86,-87.60,78,0.00
1,4422.09,-88.40,79,0.00
1,4414.14,-84.40,79,0.00
1,4382.32,-84.20,80,0.00
1,4366.42,-83.40,80,0.00
1,4334.60,-87.40,81,0.00
1,4318.70,-86.30,81,0.00
1,4286.88,-85.90,82,0.00
1,4270.98,-84.90,82,0.00
1,4231.21,-89.20,83,0.00
1,4223.25,-88.50,83,0.00
1,4183.49,-91.20,84,0.00
1,4167.58,-80.80,84,0.00
1,4127.81,-81.10,85,0.00
1,4119.86,-81.50,85,0.00
1,4080.09,-81.70,86,0.00
1,4064.19,-79.80,86,0.00
1,4032.37,-80.10,87,0.00
1,4016.47,-80.20,87,0.00
1,3984.65,-79.70,88,0.00
1,3976.70,-79.30,88,0.00
1,3944.89,-92.20,89,0.00
1,3928.98,-80.60,89,0.00
1,3897.17,-80.20,90,0.00
1,3881.26,-80.20,90,0.00
1,3849.45,-80.20,91,0.00
1,3841.49,-82.00,91,0.00
1,3801.72,-81.00,92,0.00
1,3793.77,-81.20,92,0.00
1,3761.96,-84.20,93,0.00
1,3746.05,-83.70,93,0.00
1,3714.24,-92.20,94,0.00
1,3698.33,-89.00,94,0.00
1,3666.52,-89.20,95,0.00
1,3658.56,-90.10,95,0.00
1,3618.80,-90.40,96,0.00
1,3610.84,-87.50,96,0.00
1,3571.08,-87.70,97,0.00
1,3563.12,-88.40,97,0.00
1,3531.31,-89.00,98,0.00
1,3523.36,-85.10,98,0.00
1,3483.59,-85.90,99,0.00
1,3475.64,-86.10,99,0.00
1,3443.82,-91.10,100,0.00
1,3435.87,-91.10,100,0.00
1,3412.01,-92.40,101,0.00
1,3396.10,-92.40,101,0.00
1,3364.29,-92.50,102,0.00
1,3356.33,-92.10,102,0.00
1,3324.52,-92.10,103,0.00
1,3308.61,-89.20,103,0.00
1,3268.85,-79.90,104,0.00
1,3268.85,-92.70,104,0.00
1,3237.03,-92.20,105,0.00
1,3229.08,-92.60,105,0.00
1,3197.27,-92.90,106,0.00
1,3189.31,-93.10,106,0.00
1,3149.55,-91.50,107,0.00
1,3141.59,-91.70,107,0.00
1,3109.78,-92.20,108,0.00
1,3101.83,-92.50,108,0.00
1,3070.01,-89.70,109,0.00
1,3062.06,-89.80,109,0.00
1,3022.29,-83.80,110,0.00
1,3014.34,-83.00,110,0.00
1,2982.52,-82.50,111,0.00
1,2974.57,-82.70,111,0.00
1,2942.76,-85.80,112,0.00
1,2934.80,-85.40,112,0.00
1,2902.99,-85.20,113,0.00
1,2895.04,-88.30,113,0.00
1,2863.22,-88.80,114,0.00
1,2855.27,-88.90,114,0.00
1,2823.46,-89.30,115,0.00
1,2815.50,-86.30,115,0.00
1,2783.69,-86.30,116,0.00
1,2775.74,-86.90,116,0.00
1,2751.88,-83.70,117,0.00
1,2735.97,-84.20,117,0.00
1,2712.11,-84.60,118,0.00
1,2704.16,-85.10,118,0.00
1,2672.34,-81.30,119,0.00
1,2664.39,-82.10,119,0.00
1,2632.57,-83.00,120,0.00
1,2624.62,-80.10,120,0.00
1,2592.81,-80.30,121,0.00
1,2584.85,-80.70,121,0.00
1,2553.04,-80.20,122,0.00
1,2553.04,-80.00,122,0.00
1,2529.18,-92.00,123,0.00
1,2521.23,-92.00,123,0.00
1,2489.41,-91.60,124,0.00
1,2481.46,-93.30,124,0.00
1,2457.60,-93.70,125,0.00
1,2449.65,-93.50,125,0.00
1,2417.83,-93.10,126,0.00
1,2409.88,-93.70,126,0.00
1,2386.02,-94.00,127,0.00
1,2378.07,-93.50,127,0.00
1,2346.25,-92.90,128,0.00
1,2338.30,-92.90,128,0.00
1,2314.44,-93.00,129,0.00
1,2306.49,-93.40,129,0.00
1,2274.67,-90.50,130,0.00
1,2266.72,-80.90,130,0.00
1,2242.86,-83.50,131,0.00
1,2234.91,-83.40,131,0.00
1,2211.04,-82.70,132,0.00
1,2203.09,-91.10,132,0.00
1,2179.23,-91.50,133,0.00
1,2171.28,-91.70,133,0.00
1,2147.42,-88.90,134,0.00
1,2139.46,-88.60,134,0.00
1,2107.65,-89.40,135,0.00
1,2099.70,-84.40,135,0.00
1,2075.84,-83.80,136,0.00
1,2067.88,-88.00,136,0.00
1,2044.02,-87.50,137,0.00
1,2036.07,-87.10,137,0.00
1,2012.21,-90.90,138,0.00
1,2004.26,-90.20,138,0.00
1,1980.40,-89.80,139,0.00
1,1980.40,-89.20,139,0.00
1,1956.54,-93.00,140,0.00
1,1940.63,-79.80,140,0.00
1,1916.77,-79.30,141,0.00
1,1908.82,-80.10,141,0.00
1,1892.91,-93.90,142,0.00
1,1884.96,-94.00,142,0.00
1,1869.05,-94.20,143,0.00
1,1861.10,-94.50,143,0.00
1,1837.24,-94.70,144,0.00
1,1837.24,-94.30,144,0.00
1,1813.37,-93.60,145,0.00
1,1805.42,-94.00,145,0.00
1,1781.56,-94.10,146,0.00
1,1781.56,-94.40,146,0.00
1,1757.70,-91.60,147,0.00
1,1749.75,-92.40,147,0.00
1,1733.84,-92.60,148,0.00
1,1725.89,-88.60,148,0.00
1,1702.03,-89.40,149,0.00
1,1702.03,-89.70,149,0.00
1,1678.17,-90.40,150,0.00
1,1670.21,-86.60,150,0.00
1,1646.35,-79.30,151,0.00
1,1654.31,-95.00,151,0.00
1,1630.45,-94.80,152,0.00
1,1630.45,-95.20,152,0.00
1,1606.59,-94.70,153,0.00
1,1606.59,-94.70,153,0.00
1,1590.68,-95.10,154,0.00
1,1582.73,-94.70,154,0.00
1,1558.87,-93.20,155,0.00
1,1558.87,-93.10,155,0.00
1,1535.01,-94.00,156,0.00
1,1527.05,-90.20,156,0.00
1,1511.15,-90.70,157,0.00
1,1511.15,-91.00,157,0.00
1,1487.29,-92.00,158,0.00
1,1479.33,-88.10,158,0.00
1,1463.43,-86.40,159,0.00
1,1455.47,-87.20,159,0.00
1,1431.61,-87.90,160,0.00
1,1431.61,-87.20,160,0.00
1,1415.70,-93.10,161,0.00
1,1415.70,-94.00,161,0.00
1,1391.84,-94.60,162,0.00
1,1391.84,-90.80,162,0.00
1,1367.98,-91.60,163,0.00
1,1367.98,-91.50,163,0.00
1,1344.12,-88.00,164,0.00
1,1344.12,-88.00,164,0.00
1,1320.26,-88.50,165,0.00
1,1312.31,-89.30,165,0.00
1,1296.40,-85.00,166,0.00
1,1288.45,-84.20,166,0.00
1,1272.54,-84.00,167,0.00
1,1264.59,-83.00,167,0.00
1,1248.68,-87.80,168,0.00
1,1248.68,-86.90,168,0.00
1,1224.82,-86.40,169,0.00
1,1224.82,-91.10,169,0.00
1,1208.92,-90.50,170,0.00
1,1200.96,-83.40,170,0.00
1,1185.06,-83.50,171,0.00
1,1177.10,-82.50,171,0.00
1,1161.20,-81.70,172,0.00
1,1161.20,-85.80,172,0.00
1,1137.34,-85.20,173,0.00
1,1137.34,-84.50,173,0.00
1,1121.43,-88.80,174,0.00
1,1113.48,-88.60,174,0.00
1,1097.57,-87.70,175,0.00
1,1097.57,-87.20,175,0.00
1,1081.66,-91.50,176,0.00
1,1073.71,-91.00,176,0.00
1,1057.80,-90.60,177,0.00
1,1057.80,-94.10,177,0.00
1,1033.94,-94.90,178,0.00
1,1033.94,-94.80,178,0.00
1,1018.04,-94.40,179,0.00
1,1010.08,-81.30,179,0.00
1,994.17,-81.80,180,0.00
1,986.22,-82.50,180,0.00
1,978.27,-93.90,181,0.00
1,970.31,-94.00,181,0.00
1,946.45,-80.60,182,0.00
1,946.45,-80.90,182,0.00
1,930.55,-81.30,183,0.00
1,930.55,-81.90,183,0.00
1,906.69,-79.50,184,0.00
1,906.69,-79.80,184,0.00
1,890.78,-80.20,185,0.00
1,890.78,-79.20,185,0.00
1,866.92,-79.00,186,0.00
1,866.92,-79.00,186,0.00
1,851.01,-80.60,187,0.00
1,851.01,-79.90,187,0.00
1,835.11,-79.50,188,0.00
1,827.15,-79.50,188,0.00
1,811.25,-81.90,189,0.00
1,819.20,-96.20,189,0.00
1,803.29,-96.10,190,0.00
1,803.29,-94.40,190,0.00
1,779.43,-79.20,191,0.00
1,779.43,-81.20,191,0.00
1,763.53,-80.50,192,0.00
1,755.57,-80.40,192,0.00
1,739.67,-83.40,193,0.00
1,739.67,-83.10,193,0.00
1,723.76,-82.10,194,0.00
1,723.76,-81.90,194,0.00
1,707.85,-86.00,195,0.00
1,707.85,-85.40,195,0.00
1,691.95,-84.80,196,0.00
1,691.95,-86.40,196,0.00
1,676.04,-86.00,197,0.00
1,676.04,-88.30,197,0.00
1,660.13,-84.00,198,0.00
1,660.13,-84.70,198,0.00
1,644.23,-85.30,199,0.00
1,636.27,-88.40,199,0.00
1,620.37,-87.70,200,0.00
1,620.37,-87.10,200,0.00
1,612.41,-86.00,201,0.00
1,604.46,-86.40,201,0.00
1,588.55,-82.20,202,0.00
1,588.55,-82.50,202,0.00
1,572.64,-82.80,203,0.00
1,572.64,-83.60,203,0.00
1,556.74,-80.20,204,0.00
1,556.74,-80.90,204,0.00
1,540.83,-81.20,205,0.00
1,540.83,-79.00,205,0.00
1,524.92,-79.20,206,0.00
1,516.97,-79.40,206,0.00
1,509.02,-79.70,207,0.00
1,509.02,-78.90,207,0.00
1,493.11,-78.90,208,0.00
1,493.11,-78.90,208,0.00
1,477.20,-80.30,209,0.00
1,477.20,-88.60,209,0.00
1,461.30,-88.20,210,0.00
1,461.30,-87.50,210,0.00
1,453.34,-91.60,211,0.00
1,445.39,-91.50,211,0.00
1,429.48,-82.00,212,0.00
1,429.48,-82.10,212,0.00
1,413.58,-88.80,213,0.00
1,413.58,-88.10,213,0.00
1,405.62,-92.80,214,0.00
1,405.62,-91.90,214,0.00
1,389.72,-91.40,215,0.00
1,389.72,-92.60,215,0.00
1,381.76,-92.30,216,0.00
1,373.81,-95.70,216,0.00
1,365.86,-95.40,217,0.00
1,365.86,-95.00,217,0.00
1,349.95,-96.90,218,0.00
1,349.95,-96.60,218,0.00
1,334.04,-82.50,219,0.00
1,334.04,-79.90,219,0.00
1,318.14,-79.80,220,0.00
1,318.14,-80.60,220,0.00
1,310.18,-79.20,221,0.00
1,302.23,-78.90,221,0.00
1,302.23,-96.20,222,0.00
1,302.23,-96.60,222,0.00
1,286.32,-96.60,223,0.00
1,286.32,-97.00,223,0.00
1,278.37,-95.30,224,0.00
1,278.37,-95.90,224,0.00
1,262.46,-96.20,225,0.00
1,262.46,-92.60,225,0.00
1,254.51,-93.20,226,0.00
1,254.51,-93.70,226,0.00
1,238.60,-89.80,227,0.00
1,238.60,-90.00,227,0.00
1,230.65,-91.00,228,0.00
1,222.70,-80.60,228,0.00
1,222.70,-95.80,229,0.00
1,222.70,-95.90,229,0.00
1,214.74,-96.50,230,0.00
1,206.79,-92.80,230,0.00
1,198.83,-93.70,231,0.00
1,198.83,-94.60,231,0.00
1,182.93,-82.60,232,0.00
1,182.93,-82.20,232,0.00
1,174.97,-86.50,233,0.00
1,174.97,-86.00,233,0.00
1,167.02,-93.00,234,0.00
1,167.02,-92.50,234,0.00
1,159.07,-91.80,235,0.00
1,159.07,-95.50,235,0.00
1,151.11,-95.50,236,0.00
1,151.11,-94.80,236,0.00
1,143.16,-97.00,237,0.00
1,143.16,-96.50,237,0.00
1,135.21,-96.60,238,0.00
1,135.21,-96.20,238,0.00
1,127.25,-86.20,239,0.00
1,127.25,-86.90,239,0.00
1,119.30,-82.40,240,0.00
1,119.30,-83.50,240,0.00
1,111.35,-83.70,241,0.00
1,111.35,-80.30,241,0.00
1,103.39,-93.80,242,0.00
1,103.39,-96.90,242,0.00
1,95.44,-96.30,243,0.00
1,95.44,-96.40,243,0.00
1,87.49,-79.30,244,0.00
1,87.49,-79.60,244,0.00
1,79.53,-78.90,245,0.00
1,79.53,-79.20,245,0.00
1,71.58,-79.00,246,0.00
1,71.58,-80.20,246,0.00
1,71.58,-79.70,247,0.00
1,71.58,-79.70,247,0.00
1,63.63,-79.40,248,0.00
1,63.63,-82.00,248,0.00
1,63.63,-97.10,249,0.00
1,63.63,-95.30,249,0.00
1,55.67,-95.60,250,0.00
1,55.67,-96.20,250,0.00
1,55.67,-92.60,251,0.00
1,55.67,-93.20,251,0.00
1,47.72,-94.00,252,0.00
1,47.72,-86.10,252,0.00
1,39.77,-91.10,253,0.00
1,39.77,-90.30,253,0.00
1,39.77,-89.30,254,0.00
1,39.77,-94.20,254,0.00
1,31.81,-93.70,255,100.00
1,31.81,-93.00,255,100.00
1,31.81,-92.10,1,0.00
1,31.81,-95.90,1,0.00
1,3380.19,-66.60,2,0.00
1,5129.94,-62.40,2,0.00
1,5233.34,-54.80,3,0.00
1,5241.29,-54.40,3,0.00
1,5217.43,-48.20,4,0.00
1,5233.34,-48.20,4,0.00
1,5233.34,-51.70,5,0.00
1,5233.34,-51.20,5,0.00
1,5233.34,-51.30,6,0.00
1,5233.34,-50.70,6,0.00
1,5233.34,-54.00,7,0.00
1,5209.48,-49.30,7,0.00
1,5209.48,-46.60,8,0.00
1,5209.48,-46.80,8,0.00
1,5209.48,-47.90,9,0.00
1,5209.48,-45.60,9,0.00
1,5209.48,-46.30,10,0.00
1,5209.48,-46.60,10,0.00
1,5209.48,-47.20,11,0.00
1,5201.52,-46.20,11,0.00
1,5201.52,-46.90,12,0.00
1,5201.52,-46.50,12,0.00
1,5201.52,-47.80,13,0.00
1,5201.52,-47.30,13,0.00
1,5217.43,-58.60,14,0.00
1,5209.48,-59.30,14,0.00
1,5209.48,-59.90,15,0.00
1,5209.48,-59.70,15,0.00
1,5209.48,-60.30,16,0.00
1,5209.48,-60.10,16,0.00
1,5201.52,-59.40,17,0.00
1,5193.57,-48.60,17,0.00
1,5201.52,-50.70,18,0.00
1,5193.57,-50.20,18,0.00
1,5193.57,-50.40,19,0.00
1,5193.57,-50.00,19,0.00
1,5201.52,-60.60,20,0.00
1,5193.57,-60.70,20,0.00
1,5193.57,-61.30,21,0.00
1,5193.57,-61.60,21,0.00
1,5193.57,-60.00,22,0.00
1,5185.62,-60.40,22,0.00
1,5185.62,-61.30,23,0.00
1,5185.62,-58.60,23,0.00
1,5185.62,-52.80,24,0.00
1,5185.62,-52.10,24,0.00
1,5185.62,-55.30,25,0.00
1,5177.66,-54.70,25,0.00
1,5177.66,-54.70,26,0.00
1,5177.66,-54.10,26,0.00
1,5177.66,-57.60,27,0.00
1,5177.66,-57.20,27,0.00
1,5161.76,-56.90,28,0.00
1,5161.76,-57.20,28,0.00
1,5161.76,-57.80,29,0.00
1,5161.76,-55.30,29,0.00
1,5161.76,-56.20,30,0.00
1,5161.76,-56.60,30,0.00
1,5153.80,-55.20,31,0.00
1,5153.80,-55.50,31,0.00
1,5153.80,-55.90,32,0.00
1,5153.80,-56.10,32,0.00
1,5153.80,-56.00,33,0.00
1,5153.80,-56.10,33,0.00
1,5161.76,-67.20,34,0.00
1,5161.76,-68.30,34,0.00
1,5161.76,-70.00,35,0.00
1,5145.85,-57.20,35,0.00
1,5137.90,-57.70,36,0.00
1,5137.90,-57.70,36,0.00
1,5137.90,-58.60,37,0.00
1,5137.90,-58.70,37,0.00
1,5145.85,-71.80,38,0.00
1,5145.85,-70.30,38,0.00
1,5137.90,-71.40,39,0.00
1,5137.90,-71.60,39,0.00
1,5129.94,-72.30,40,0.00
1,5129.94,-70.10,40,0.00
1,5129.94,-71.30,41,0.00
1,5129.94,-71.80,41,0.00
1,5121.99,-69.50,42,0.00
1,5121.99,-70.10,42,0.00
1,5114.04,-70.60,43,0.00
1,5121.99,-63.90,43,0.00
1,5114.04,-64.10,44,0.00
1,5114.04,-63.60,44,0.00
1,5114.04,-64.30,45,0.00
1,5114.04,-66.80,45,0.00
1,5106.08,-66.90,46,0.00
1,5106.08,-66.30,46,0.00
1,5106.08,-70.30,47,0.00
1,5106.08,-69.80,47,0.00
1,5098.13,-69.90,48,0.00
1,5090.18,-70.50,48,0.00
1,5082.22,-71.60,49,0.00
1,5082.22,-72.20,49,0.00
1,5082.22,-69.90,50,0.00
1,5082.22,-69.90,50,0.00
1,5082.22,-67.90,51,0.00
1,5082.22,-70.70,51,0.00
1,5074.27,-70.60,52,0.00
1,5074.27,-70.20,52,0.00
1,5074.27,-74.50,53,0.00
1,5066.31,-74.10,53,0.00
1,5058.36,-75.30,54,0.00
1,5058.36,-75.80,54,0.00
1,5050.41,-76.70,55,0.00
1,5050.41,-73.40,55,0.00
1,5042.45,-74.90,56,0.00
1,5034.50,-75.30,56,0.00
1,5026.55,-72.80,57,0.00
1,5034.50,-73.60,57,0.00
1,5018.59,-74.70,58,0.00
1,5034.50,-82.50,58,0.00
1,5026.55,-83.40,59,0.00
1,5026.55,-83.40,59,0.00
1,5018.59,-85.50,60,0.00
1,5018.59,-85.20,60,0.00
1,5010.64,-86.00,61,0.00
1,5010.64,-86.70,61,0.00
1,4994.73,-86.80,62,0.00
1,4994.73,-87.40,62,0.00
1,4978.83,-87.70,63,0.00
1,4970.87,-78.90,63,0.00
1,4954.97,-76.30,64,0.00
1,4954.97,-77.50,64,0.00
1,4939.06,-78.10,65,0.00
1,4939.06,-78.80,65,0.00
1,4923.15,-76.90,66,0.00
1,4939.06,-87.40,66,0.00
1,4923.15,-87.30,67,0.00
1,4923.15,-87.20,67,0.00
1,4899.29,-90.00,68,0.00
1,4883.39,-79.80,68,0.00
1,4859.53,-78.70,69,0.00
1,4851.57,-78.30,69,0.00
1,4827.71,-79.70,70,0.00
1,4827.71,-79.10,70,0.00
1,4795.90,-79.40,71,0.00
1,4787.95,-79.40,71,0.00
1,4756.13,-79.80,72,0.00
1,4748.18,-79.30,72,0.00
1,4716.37,-80.60,73,0.00
1,4708.41,-87.50,73,0.00
1,4676.60,-86.60,74,0.00
1,4668.65,-85.90,74,0.00
1,4636.83,-89.70,75,0.00
1,4620.92,-89.20,75,0.00
1,4581.16,-88.90,76,0.00
1,4573.20,-91.00,76,0.00
1,4533.44,-91.20,77,0.00
1,4525.48,-90.40,77,0.00
1,4485.72,-91.90,78,0.00
1,4469.81,-92.00,78,0.00
1,4422.09,-80.20,79,0.00
1,4414.14,-79.70,79,0.00
1,4382.32,-79.60,80,0.00
1,4366.42,-80.60,80,0.00
1,4334.60,-80.30,81,0.00
1,4318.70,-80.40,81,0.00
1,4286.88,-92.00,82,0.00
1,4278.93,-91.80,82,0.00
1,4231.21,-80.40,83,0.00
1,4223.25,-80.60,83,0.00
1,4183.49,-80.10,84,0.00
1,4183.49,-79.70,84,0.00
1,4143.72,-80.20,85,0.00
1,4127.81,-80.40,85,0.00
1,4096.00,-80.40,86,0.00
1,4080.09,-79.80,86,0.00
1,4048.28,-81.70,87,0.00
1,4032.37,-81.20,87,0.00
1,4000.56,-81.30,88,0.00
1,3992.61,-83.60,88,0.00
1,3944.89,-90.00,89,0.00
1,3936.93,-86.80,89,0.00
1,3905.12,-87.50,90,0.00
1,3889.21,-87.80,90,0.00
1,3857.40,-83.40,91,0.00
1,3841.49,-83.70,91,0.00
1,3809.68,-81.30,92,0.00
1,3793.77,-81.50,92,0.00
1,3769.91,-86.60,93,0.00
1,3761.96,-89.80,93,0.00
1,3722.19,-89.40,94,0.00
1,3714.24,-88.40,94,0.00
1,3682.42,-91.60,95,0.00
1,3666.52,-91.00,95,0.00
1,3634.70,-91.00,96,0.00
1,3626.75,-90.40,96,0.00
1,3594.94,-92.90,97,0.00
1,3571.08,-80.00,97,0.00
1,3539.26,-80.10,98,0.00
1,3523.36,-80.20,98,0.00
1,3499.50,-91.90,99,0.00
1,3491.54,-91.90,99,0.00
1,3451.77,-89.50,100,0.00
1,3443.82,-89.50,100,0.00
1,3412.01,-90.00,101,0.00
1,3396.10,-87.00,101,0.00
1,3364.29,-87.60,102,0.00
1,3356.33,-80.50,102,0.00
1,3324.52,-82.80,103,0.00
1,3316.57,-82.70,103,0.00
1,3276.80,-82.40,104,0.00
1,3268.85,-85.60,104,0.00
1,3237.03,-84.90,105,0.00
1,3229.08,-84.20,105,0.00
1,3197.27,-83.70,106,0.00
1,3189.31,-87.30,106,0.00
1,3157.50,-87.10,107,0.00
1,3149.55,-86.20,107,0.00
1,3117.73,-89.70,108,0.00
1,3109.78,-89.40,108,0.00
1,3077.97,-88.80,109,0.00
1,3062.06,-81.50,109,0.00
1,3030.24,-81.80,110,0.00
1,3022.29,-81.90,110,0.00
1,2990.48,-82.60,111,0.00
1,2982.52,-80.20,111,0.00
1,2958.66,-88.30,112,0.00
1,2950.71,-88.00,112,0.00
1,2910.94,-84.10,113,0.00
1,2902.99,-84.70,113,0.00
1,2871.18,-85.30,114,0.00
1,2863.22,-85.80,114,0.00
1,2831.41,-83.10,115,0.00
1,2823.46,-83.30,115,0.00
1,2791.64,-83.90,116,0.00
1,2783.69,-81.20,116,0.00
1,2751.88,-81.70,117,0.00
1,2743.92,-81.80,117,0.00
1,2720.06,-80.20,118,0.00
1,2712.11,-79.80,118,0.00
1,2680.30,-80.40,119,0.00
1,2680.30,-92.10,119,0.00
1,2648.48,-93.10,120,0.00
1,2640.53,-90.10,120,0.00
1,2608.71,-91.20,121,0.00
1,2592.81,-79.60,121,0.00
1,2560.99,-80.60,122,0.00
1,2560.99,-80.30,122,0.00
1,2529.18,-80.00,123,0.00
1,2521.23,-82.40,123,0.00
1,2489.41,-82.00,124,0.00
1,2489.41,-81.10,124,0.00
1,2457.60,-84.30,125,0.00
1,2449.65,-83.90,125,0.00
1,2425.79,-83.20,126,0.00
1,2417.83,-82.70,126,0.00
1,2386.02,-85.80,127,0.00
1,2386.02,-85.60,127,0.00
1,2354.21,-87.30,128,0.00
1,2338.30,-85.60,128,0.00
1,2314.44,-86.60,129,0.00
1,2314.44,-92.70,129,0.00
1,2282.63,-92.50,130,0.00
1,2274.67,-94.20,130,0.00
1,2242.86,-83.30,131,0.00
1,2234.91,-83.60,131,0.00
1,2211.04,-80.60,132,0.00
1,2203.09,-80.90,132,0.00
1,2171.28,-81.70,133,0.00
1,2163.32,-82.10,133,0.00
1,2139.46,-79.90,134,0.00
1,2131.51,-79.90,134,0.00
1,2107.65,-80.30,135,0.00
1,2099.70,-79.80,135,0.00
1,2075.84,-79.30,136,0.00
1,2067.88,-79.70,136,0.00
1,2036.07,-79.80,137,0.00
1,2036.07,-80.00,137,0.00
1,2012.21,-79.60,138,0.00
1,2004.26,-79.70,138,0.00
1,1980.40,-81.20,139,0.00
1,1972.44,-80.70,139,0.00
1,1956.54,-91.80,140,0.00
1,1940.63,-81.70,140,0.00
1,1916.77,-79.80,141,0.00
1,1916.77,-79.60,141,0.00
1,1884.96,-80.20,142,0.00
1,1884.96,-79.50,142,0.00
1,1861.10,-79.10,143,0.00
1,1853.14,-79.60,143,0.00
1,1845.19,-94.60,144,0.00
1,1837.24,-92.60,144,0.00
1,1813.37,-93.50,145,0.00
1,1813.37,-93.70,145,0.00
1,1789.51,-90.70,146,0.00
1,1773.61,-89.30,146,0.00
1,1749.75,-85.60,147,0.00
1,1749.75,-86.00,147,0.00
1,1725.89,-87.20,148,0.00
1,1725.89,-83.30,148,0.00
1,1702.03,-83.90,149,0.00
1,1694.07,-84.10,149,0.00
1,1670.21,-83.10,150,0.00
1,1670.21,-84.00,150,0.00
1,1646.35,-80.60,151,0.00
1,1638.40,-81.20,151,0.00
1,1622.49,-81.90,152,0.00
1,1622.49,-79.50,152,0.00
1,1598.63,-79.80,153,0.00
1,1590.68,-79.90,153,0.00
1,1574.77,-80.50,154,0.00
1,1566.82,-79.60,154,0.00
1,1550.91,-79.60,155,0.00
1,1542.96,-79.80,155,0.00
1,1527.05,-79.30,156,0.00
1,1519.10,-80.20,156,0.00
1,1495.24,-79.70,157,0.00
1,1495.24,-79.70,157,0.00
1,1479.33,-81.80,158,0.00
1,1471.38,-80.80,158,0.00
1,1455.47,-80.80,159,0.00
1,1447.52,-79.30,159,0.00
1,1439.57,-95.20,160,0.00
1,1431.61,-95.00,160,0.00
1,1415.70,-93.20,161,0.00
1,1407.75,-93.50,161,0.00
1,1391.84,-93.80,162,0.00
1,1383.89,-90.60,162,0.00
1,1367.98,-91.00,163,0.00
1,1360.03,-92.10,163,0.00
1,1344.12,-92.50,164,0.00
1,1336.17,-88.30,164,0.00
1,1320.26,-82.70,165,0.00
1,1312.31,-83.00,165,0.00
1,1296.40,-83.80,166,0.00
1,1288.45,-80.50,166,0.00
1,1272.54,-80.40,167,0.00
1,1272.54,-81.50,167,0.00
1,1248.68,-81.60,168,0.00
1,1248.68,-80.10,168,0.00
1,1232.78,-91.30,169,0.00
1,1232.78,-90.90,169,0.00
1,1200.96,-82.20,170,0.00
1,1200.96,-82.50,170,0.00
1,1185.06,-82.70,171,0.00
1,1177.10,-88.00,171,0.00
1,1161.20,-88.90,172,0.00
1,1161.20,-89.00,172,0.00
1,1145.29,-89.60,173,0.00
1,1137.34,-94.40,173,0.00
1,1121.43,-90.70,174,0.00
1,1121.43,-95.50,174,0.00
1,1089.62,-80.40,175,0.00
1,1089.62,-80.10,175,0.00
1,1073.71,-82.30,176,0.00
1,1065.76,-81.80,176,0.00
1,1049.85,-81.50,177,0.00
1,1049.85,-81.10,177,0.00
1,1033.94,-80.80,178,0.00
1,1041.90,-95.30,178,0.00
1,1018.04,-95.80,179,0.00
1,1018.04,-95.00,179,0.00
1,994.17,-95.10,180,0.00
1,986.22,-80.60,180,0.00
1,970.31,-80.00,181,0.00
1,962.36,-83.40,181,0.00
1,954.41,-80.00,182,0.00
1,946.45,-79.60,182,0.00
1,930.55,-79.10,183,0.00
1,922.59,-79.30,183,0.00
1,906.69,-79.80,184,0.00
1,906.69,-79.30,184,0.00
1,890.78,-79.30,185,0.00
1,882.83,-81.40,185,0.00
1,866.92,-81.00,186,0.00
1,866.92,-81.10,186,0.00
1,851.01,-84.50,187,0.00
1,851.01,-83.70,187,0.00
1,835.11,-83.60,188,0.00
1,843.06,-92.10,188,0.00
1,827.15,-95.80,189,0.00
1,827.15,-95.80,189,0.00
1,811.25,-94.10,190,0.00
1,803.29,-95.70,190,0.00
1,787.39,-95.90,191,0.00
1,787.39,-95.80,191,0.00
1,771.48,-95.00,192,0.00
1,771.48,-96.20,192,0.00
1,747.62,-94.10,193,0.00
1,747.62,-93.80,193,0.00
1,731.71,-96.40,194,0.00
1,731.71,-96.00,194,0.00
1,715.81,-95.60,195,0.00
1,715.81,-95.60,195,0.00
1,699.90,-96.10,196,0.00
1,691.95,-96.50,196,0.00
1,683.99,-96.30,197,0.00
1,676.04,-94.80,197,0.00
1,652.18,-79.60,198,0.00
1,652.18,-79.90,198,0.00
1,636.27,-79.60,199,0.00
1,636.27,-79.10,199,0.00
1,620.37,-79.20,200,0.00
1,620.37,-80.70,200,0.00
1,612.41,-96.00,201,0.00
1,612.41,-95.00,201,0.00
1,596.50,-95.40,202,0.00
1,596.50,-92.30,202,0.00
1,580.60,-92.60,203,0.00
1,580.60,-96.30,203,0.00
1,564.69,-94.20,204,0.00
1,564.69,-94.50,204,0.00
1,548.78,-94.90,205,0.00
1,548.78,-95.30,205,0.00
1,524.92,-80.60,206,0.00
1,524.92,-79.50,206,0.00
1,509.02,-79.60,207,0.00
1,509.02,-79.50,207,0.00
1,501.06,-95.60,208,0.00
1,501.06,-94.90,208,0.00
1,485.16,-96.50,209,0.00
1,485.16,-96.30,209,0.00
1,469.25,-96.40,210,0.00
1,469.25,-95.60,210,0.00
1,445.39,-80.60,211,0.00
1,445.39,-84.40,211,0.00
1,429.48,-83.80,212,0.00
1,429.48,-83.20,212,0.00
1,413.58,-87.60,213,0.00
1,413.58,-87.00,213,0.00
1,405.62,-85.90,214,0.00
1,405.62,-85.50,214,0.00
1,389.72,-90.20,215,0.00
1,389.72,-89.50,215,0.00
1,381.76,-89.00,216,0.00
1,373.81,-93.40,216,0.00
1,365.86,-92.30,217,0.00
1,365.86,-92.10,217,0.00
1,349.95,-91.60,218,0.00
1,349.95,-92.20,218,0.00
1,342.00,-87.80,219,0.00
1,342.00,-90.90,219,0.00
1,326.09,-91.70,220,0.00
1,326.09,-92.60,220,0.00
1,310.18,-84.50,221,0.00
1,310.18,-94.40,221,0.00
1,302.23,-94.70,222,0.00
1,302.23,-90.70,222,0.00
1,286.32,-91.10,223,0.00
1,286.32,-96.10,223,0.00
1,278.37,-92.60,224,0.00
1,278.37,-96.60,224,0.00
1,262.46,-96.80,225,0.00
1,262.46,-94.40,225,0.00
1,254.51,-94.80,226,0.00
1,254.51,-95.80,226,0.00
1,238.60,-96.00,227,0.00
1,230.65,-79.30,227,0.00
1,222.70,-79.30,228,0.00
1,222.70,-81.10,228,0.00
1,214.74,-80.40,229,0.00
1,214.74,-80.40,229,0.00
1,206.79,-80.10,230,0.00
1,198.83,-83.10,230,0.00
1,198.83,-94.70,231,0.00
1,198.83,-90.40,231,0.00
1,190.88,-96.00,232,0.00
1,190.88,-96.00,232,0.00
1,182.93,-92.40,233,0.00
1,182.93,-93.30,233,0.00
1,167.02,-93.70,234,0.00
1,167.02,-89.80,234,0.00
1,159.07,-90.20,235,0.00
1,159.07,-91.10,235,0.00
1,151.11,-91.40,236,0.00
1,151.11,-87.20,236,0.00
1,135.21,-84.00,237,0.00
1,143.16,-95.50,237,0.00
1,135.21,-95.40,238,0.00
1,135.21,-96.10,238,0.00
1,127.25,-92.60,239,0.00
1,127.25,-93.00,239,0.00
1,119.30,-93.70,240,0.00
1,119.30,-89.10,240,0.00
1,103.39,-83.70,241,0.00
1,103.39,-88.10,241,0.00
1,95.44,-82.20,242,0.00
1,95.44,-81.60,242,0.00
1,95.44,-86.00,243,0.00
1,95.44,-85.30,243,0.00
1,87.49,-84.30,244,0.00
1,87.49,-84.00,244,0.00
1,79.53,-88.60,245,0.00
1,79.53,-87.90,245,0.00
1,79.53,-87.40,246,0.00
1,71.58,-92.20,246,0.00
1,71.58,-91.20,247,0.00
1,71.58,-90.90,247,0.00
1,71.58,-86.20,248,0.00
1,63.63,-87.00,248,0.00
1,63.63,-87.70,249,0.00
1,63.63,-83.40,249,0.00
1,55.67,-83.90,250,0.00
1,55.67,-84.60,250,0.00
1,47.72,-85.00,251,0.00
1,55.67,-93.30,251,0.00
1,47.72,-96.20,252,0.00
1,47.72,-79.50,252,0.00
1,39.77,-79.50,253,0.00
1,39.77,-79.50,253,0.00
1,31.81,-79.20,254,0.00
1,31.81,-78.80,254,0.00
1,31.81,-78.90,255,100.00
1,31.81,-78.80,255,100.00
1,31.81,-79.90,1,0.00
1,31.81,-79.00,1,0.00
1,3372.24,-57.40,2,0.00
1,5090.18,-51.60,2,0.00
1,5193.57,-53.90,3,0.00
1,5193.57,-54.20,3,0.00
1,5193.57,-54.10,4,0.00
1,5193.57,-55.00,4,0.00
1,5185.62,-55.10,5,0.00
1,5185.62,-55.40,5,0.00
1,5185.62,-54.70,6,0.00
1,5177.66,-44.00,6,0.00
1,5177.66,-45.70,7,0.00
1,5177.66,-45.40,7,0.00
1,5177.66,-45.30,8,0.00
1,5177.66,-47.90,8,0.00
1,5177.66,-47.80,9,0.00
1,5177.66,-47.60,9,0.00
1,5177.66,-47.50,10,0.00
1,5177.66,-50.80,10,0.00
1,5177.66,-50.90,11,0.00
1,5177.66,-50.20,11,0.00
1,5177.66,-54.20,12,0.00
1,5177.66,-53.80,12,0.00
1,5169.71,-47.70,13,0.00
1,5169.71,-50.40,13,0.00
1,5169.71,-50.40,14,0.00
1,5169.71,-50.00,14,0.00
1,5169.71,-50.10,15,0.00
1,5169.71,-53.30,15,0.00
1,5169.71,-53.10,16,0.00
1,5169.71,-53.00,16,0.00
1,5145.85,-53.20,17,0.00
1,5145.85,-53.30,17,0.00
1,5145.85,-51.00,18,0.00
1,5145.85,-51.30,18,0.00
1,5145.85,-50.50,19,0.00
1,5145.85,-51.10,19,0.00
1,5137.90,-51.90,20,0.00
1,5137.90,-49.50,20,0.00
1,5137.90,-49.90,21,0.00
1,5137.90,-50.40,21,0.00
1,5137.90,-50.20,22,0.00
1,5137.90,-50.30,22,0.00
1,5153.80,-61.60,23,0.00
1,5153.80,-63.00,23,0.00
1,5145.85,-63.40,24,0.00
1,5145.85,-63.60,24,0.00
1,5145.85,-63.80,25,0.00
1,5145.85,-63.80,25,0.00
1,5137.90,-64.30,26,0.00
1,5137.90,-62.70,26,0.00
1,5129.94,-53.00,27,0.00
1,5129.94,-55.10,27,0.00
1,5129.94,-55.10,28,0.00
1,5137.90,-64.70,28,0.00
1,5129.94,-65.70,29,0.00
1,5129.94,-66.10,29,0.00
1,5121.99,-64.40,30,0.00
1,5121.99,-64.80,30,0.00
1,5121.99,-65.60,31,0.00
1,5121.99,-63.20,31,0.00
1,5114.04,-64.00,32,0.00
1,5114.04,-55.20,32,0.00
1,5114.04,-57.90,33,0.00
1,5114.04,-57.70,33,0.00
1,5114.04,-57.50,34,0.00
1,5114.04,-57.60,34,0.00
1,5114.04,-60.50,35,0.00
1,5114.04,-60.10,35,0.00
1,5114.04,-60.00,36,0.00
1,5114.04,-63.80,36,0.00
1,5098.13,-67.70,37,0.00
1,5098.13,-67.80,37,0.00
1,5098.13,-65.60,38,0.00
1,5098.13,-65.70,38,0.00
1,5090.18,-66.90,39,0.00
1,5090.18,-67.10,39,0.00
1,5082.22,-64.50,40,0.00
1,5082.22,-64.80,40,0.00
1,5082.22,-66.20,41,0.00
1,5082.22,-62.90,41,0.00
1,5074.27,-63.40,42,0.00
1,5090.18,-64.30,42,0.00
1,5082.22,-64.60,43,0.00
1,5082.22,-63.90,43,0.00
1,5074.27,-70.50,44,0.00
1,5074.27,-71.00,44,0.00
1,5066.31,-72.00,45,0.00
1,5066.31,-72.10,45,0.00
1,5066.31,-69.80,46,0.00
1,5058.36,-70.50,46,0.00
1,5066.31,-70.60,47,0.00
1,5066.31,-70.40,47,0.00
1,5066.31,-70.80,48,0.00
1,5066.31,-74.00,48,0.00
1,5058.36,-74.50,49,0.00
1,5058.36,-74.00,49,0.00
1,5050.41,-73.90,50,0.00
1,5050.41,-77.30,50,0.00
1,5050.41,-77.20,51,0.00
1,5050.41,-77.10,51,0.00
1,5042.45,-80.10,52,0.00
1,5026.55,-70.30,52,0.00
1,5018.59,-71.20,53,0.00
1,5018.59,-68.20,53,0.00
1,5018.59,-69.30,54,0.00
1,5018.59,-69.70,54,0.00
1,5010.64,-69.30,55,0.00
1,5010.64,-69.60,55,0.00
1,5002.69,-69.40,56,0.00
1,5002.69,-69.30,56,0.00
1,4994.73,-70.20,57,0.00
1,5002.69,-82.80,57,0.00
1,4994.73,-83.90,58,0.00
1,4994.73,-81.80,58,0.00
1,4986.78,-82.70,59,0.00
1,4986.78,-73.40,59,0.00
1,4978.83,-73.50,60,0.00
1,4978.83,-77.00,60,0.00
1,4970.87,-77.30,61,0.00
1,4970.87,-76.60,61,0.00
1,4954.97,-83.00,62,0.00
1,4954.97,-83.50,62,0.00
1,4947.01,-84.20,63,0.00
1,4939.06,-84.50,63,0.00
1,4931.11,-82.70,64,0.00
1,4931.11,-83.10,64,0.00
1,4915.20,-83.80,65,0.00
1,4915.20,-80.80,65,0.00
1,4899.29,-81.60,66,0.00
1,4899.29,-82.00,66,0.00
1,4883.39,-79.60,67,0.00
1,4899.29,-85.40,67,0.00
1,4875.43,-88.60,68,0.00
1,4875.43,-88.30,68,0.00
1,4851.57,-88.70,69,0.00
1,4851.57,-88.50,69,0.00
1,4827.71,-90.60,70,0.00
1,4819.76,-90.50,70,0.00
1,4795.90,-90.50,71,0.00
1,4787.95,-90.50,71,0.00
1,4748.18,-80.80,72,0.00
1,4740.23,-80.80,72,0.00
1,4708.41,-80.60,73,0.00
1,4700.46,-80.90,73,0.00
1,4676.60,-79.10,74,0.00
1,4660.69,-78.80,74,0.00
1,4628.88,-91.70,75,0.00
1,4620.92,-91.60,75,0.00
1,4581.16,-90.70,76,0.00
1,4573.20,-91.00,76,0.00
1,4533.44,-91.00,77,0.00
1,4509.58,-89.20,77,0.00
1,4477.76,-89.40,78,0.00
1,4469.81,-89.80,78,0.00
1,4430.04,-90.40,79,0.00
1,4422.09,-87.20,79,0.00
1,4382.32,-87.90,80,0.00
1,4366.42,-88.50,80,0.00
1,4334.60,-85.00,81,0.00
1,4318.70,-85.20,81,0.00
1,4286.88,-81.80,82,0.00
1,4278.93,-84.80,82,0.00
1,4239.16,-84.50,83,0.00
1,4231.21,-84.00,83,0.00
1,4191.44,-83.80,84,0.00
1,4183.49,-87.10,84,0.00
1,4143.72,-87.10,85,0.00
1,4135.77,-86.60,85,0.00
1,4096.00,-90.10,86,0.00
1,4088.05,-89.40,86,0.00
1,4056.23,-89.20,87,0.00
1,4048.28,-89.00,87,0.00
1,4000.56,-81.90,88,0.00
1,3992.61,-82.40,88,0.00
1,3952.84,-80.50,89,0.00
1,3944.89,-80.70,89,0.00
1,3905.12,-80.80,90,0.00
1,3905.12,-89.80,90,0.00
1,3873.31,-92.30,91,0.00
1,3857.40,-92.40,91,0.00
1,3817.63,-89.20,92,0.00
1,3801.72,-88.40,92,0.00
1,3761.96,-88.80,93,0.00
1,3746.05,-85.60,93,0.00
1,3714.24,-86.50,94,0.00
1,3698.33,-86.50,94,0.00
1,3666.52,-87.20,95,0.00
1,3658.56,-83.90,95,0.00
1,3626.75,-84.40,96,0.00
1,3610.84,-84.60,96,0.00
1,3579.03,-81.80,97,0.00
1,3571.08,-82.10,97,0.00
1,3539.26,-82.10,98,0.00
1,3539.26,-91.70,98,0.00
1,3499.50,-91.50,99,0.00
1,3491.54,-91.40,99,0.00
1,3459.73,-93.00,100,0.00
1,3451.77,-92.80,100,0.00
1,3412.01,-93.10,101,0.00
1,3396.10,-80.50,101,0.00
1,3364.29,-80.70,102,0.00
1,3356.33,-80.60,102,0.00
1,3324.52,-80.00,103,0.00
1,3316.57,-79.60,103,0.00
1,3284.75,-79.80,104,0.00
1,3268.85,-80.90,104,0.00
1,3237.03,-80.60,105,0.00
1,3229.08,-79.80,105,0.00
1,3197.27,-93.00,106,0.00
1,3189.31,-92.30,106,0.00
1,3157.50,-92.80,107,0.00
1,3149.55,-92.90,107,0.00
1,3117.73,-90.10,108,0.00
1,3109.78,-80.90,108,0.00
1,3077.97,-83.80,109,0.00
1,3070.01,-83.90,109,0.00
1,3038.20,-85.20,110,0.00
1,3030.24,-84.40,110,0.00
1,2998.43,-89.00,111,0.00
1,2990.48,-89.30,111,0.00
1,2958.66,-90.00,112,0.00
1,2950.71,-90.50,112,0.00
1,2918.90,-86.40,113,0.00
1,2902.99,-87.10,113,0.00
1,2879.13,-87.70,114,0.00
1,2863.22,-84.20,114,0.00
1,2839.36,-85.10,115,0.00
1,2831.41,-85.10,115,0.00
1,2799.60,-82.10,116,0.00
1,2791.64,-82.00,116,0.00
1,2759.83,-82.20,117,0.00
1,2743.92,-82.70,117,0.00
1,2720.06,-80.20,118,0.00
1,2712.11,-80.40,118,0.00
1,2680.30,-93.40,119,0.00
1,2672.34,-93.80,119,0.00
1,2648.48,-93.70,120,0.00
1,2632.57,-84.50,120,0.00
1,2608.71,-81.30,121,0.00
1,2600.76,-93.00,121,0.00
1,2568.95,-92.80,122,0.00
1,2568.95,-92.20,122,0.00
1,2537.13,-94.10,123,0.00
1,2529.18,-93.50,123,0.00
1,2497.37,-93.90,124,0.00
1,2489.41,-93.60,124,0.00
1,2457.60,-93.90,125,0.00
1,2457.60,-94.00,125,0.00
1,2425.79,-94.00,126,0.00
1,2417.83,-92.20,126,0.00
1,2386.02,-92.20,127,0.00
1,2378.07,-93.30,127,0.00
1,2354.21,-94.40,128,0.00
1,2338.30,-80.20,128,0.00
1,2314.44,-80.30,129,0.00
1,2306.49,-82.10,129,0.00
1,2282.63,-94.40,130,0.00
1,2282.63,-92.60,130,0.00
1,2250.81,-93.10,131,0.00
1,2242.86,-93.10,131,0.00
1,2219.00,-93.50,132,0.00
1,2211.04,-90.50,132,0.00
1,2187.18,-91.10,133,0.00
1,2171.28,-91.40,133,0.00
1,2147.42,-88.00,134,0.00
1,2139.46,-88.20,134,0.00
1,2115.60,-89.00,135,0.00
1,2107.65,-85.10,135,0.00
1,2083.79,-86.20,136,0.00
1,2075.84,-86.70,136,0.00
1,2051.98,-83.70,137,0.00
1,2044.02,-87.90,137,0.00
1,2020.16,-87.70,138,0.00
1,2012.21,-87.00,138,0.00
1,1988.35,-85.60,139,0.00
1,1988.35,-87.90,139,0.00
1,1964.49,-87.00,140,0.00
1,1956.54,-86.80,140,0.00
1,1932.68,-90.70,141,0.00
1,1924.72,-90.00,141,0.00
1,1900.86,-90.00,142,0.00
1,1900.86,-93.00,142,0.00
1,1877.00,-93.00,143,0.00
1,1869.05,-92.20,143,0.00
1,1845.19,-91.90,144,0.00
1,1845.19,-94.40,144,0.00
1,1821.33,-94.50,145,0.00
1,1813.37,-93.90,145,0.00
1,1789.51,-94.50,146,0.00
1,1789.51,-94.70,146,0.00
1,1765.65,-95.00,147,0.00
1,1757.70,-94.60,147,0.00
1,1741.79,-95.40,148,0.00
1,1733.84,-93.30,148,0.00
1,1709.98,-92.50,149,0.00
1,1709.98,-92.70,149,0.00
1,1686.12,-93.80,150,0.00
1,1686.12,-89.30,150,0.00
1,1662.26,-90.40,151,0.00
1,1654.31,-91.10,151,0.00
1,1638.40,-91.70,152,0.00
1,1622.49,-83.20,152,0.00
1,1598.63,-82.70,153,0.00
1,1598.63,-82.40,153,0.00
1,1582.73,-82.00,154,0.00
1,1574.77,-85.50,154,0.00
1,1558.87,-85.10,155,0.00
1,1550.91,-84.30,155,0.00
1,1535.01,-88.80,156,0.00
1,1527.05,-87.50,156,0.00
1,1511.15,-87.30,157,0.00
1,1503.19,-91.40,157,0.00
1,1487.29,-90.60,158,0.00
1,1479.33,-89.80,158,0.00
1,1455.47,-86.90,159,0.00
1,1455.47,-86.00,159,0.00
1,1431.61,-90.40,160,0.00
1,1431.61,-90.00,160,0.00
1,1407.75,-89.30,161,0.00
1,1407.75,-92.90,161,0.00
1,1383.89,-92.70,162,0.00
1,1383.89,-91.90,162,0.00
1,1367.98,-91.40,163,0.00
1,1360.03,-94.40,163,0.00
1,1344.12,-95.00,164,0.00
1,1344.12,-94.80,164,0.00
1,1320.26,-94.90,165,0.00
1,1320.26,-94.10,165,0.00
1,1296.40,-95.50,166,0.00
1,1296.40,-95.50,166,0.00
1,1280.50,-95.40,167,0.00
1,1272.54,-94.50,167,0.00
1,1256.64,-95.00,168,0.00
1,1256.64,-95.40,168,0.00
1,1216.87,-79.60,169,0.00
1,1216.87,-79.20,169,0.00
1,1200.96,-79.70,170,0.00
1,1200.96,-80.00,170,0.00
1,1177.10,-79.50,171,0.00
1,1177.10,-79.60,171,0.00
1,1153.24,-81.70,172,0.00
1,1153.24,-81.40,172,0.00
1,1137.34,-80.90,173,0.00
1,1129.38,-80.30,173,0.00
1,1113.48,-83.90,174,0.00
1,1113.48,-83.20,174,0.00
1,1089.62,-82.70,175,0.00
1,1089.62,-86.90,175,0.00
1,1073.71,-86.10,176,0.00
1,1065.76,-85.70,176,0.00
1,1057.80,-89.90,177,0.00
1,1057.80,-90.90,177,0.00
1,1033.94,-91.30,178,0.00
1,1033.94,-87.20,178,0.00
1,1018.04,-87.80,179,0.00
1,1010.08,-93.90,179,0.00
1,994.17,-93.10,180,0.00
1,994.17,-92.70,180,0.00
1,978.27,-95.20,181,0.00
1,970.31,-95.50,181,0.00
1,954.41,-96.00,182,0.00
1,954.41,-95.50,182,0.00
1,938.50,-95.80,183,0.00
1,930.55,-81.80,183,0.00
1,914.64,-79.50,184,0.00
1,906.69,-79.80,184,0.00
1,890.78,-80.10,185,0.00
1,890.78,-79.20,185,0.00
1,874.87,-79.50,186,0.00
1,866.92,-78.90,186,0.00
1,858.97,-95.90,187,0.00
1,858.97,-95.70,187,0.00
1,843.06,-95.40,188,0.00
1,843.06,-95.70,188,0.00
1,827.15,-96.00,189,0.00
1,811.25,-80.20,189,0.00
1,795.34,-79.90,190,0.00
1,795.34,-79.50,190,0.00
1,779.43,-82.20,191,0.00
1,779.43,-82.00,191,0.00
1,763.53,-81.30,192,0.00
1,755.57,-80.80,192,0.00
1,747.62,-84.20,193,0.00
1,739.67,-83.70,193,0.00
1,731.71,-83.20,194,0.00
1,723.76,-87.80,194,0.00
1,707.85,-86.90,195,0.00
1,707.85,-87.10,195,0.00
1,691.95,-91.40,196,0.00
1,691.95,-90.50,196,0.00
1,676.04,-91.70,197,0.00
1,676.04,-91.90,197,0.00
1,660.13,-92.60,198,0.00
1,660.13,-88.20,198,0.00
1,636.27,-82.20,199,0.00
1,644.23,-94.40,199,0.00
1,628.32,-93.00,200,0.00
1,620.37,-88.60,200,0.00
1,612.41,-89.50,201,0.00
1,612.41,-90.00,201,0.00
1,596.50,-90.50,202,0.00
1,588.55,-86.30,202,0.00
1,572.64,-86.80,203,0.00
1,572.64,-87.60,203,0.00
1,556.74,-83.30,204,0.00
1,556.74,-83.90,204,0.00
1,540.83,-84.30,205,0.00
1,540.83,-80.80,205,0.00
1,524.92,-81.40,206,0.00
1,524.92,-81.50,206,0.00
1,509.02,-92.70,207,0.00
1,509.02,-92.30,207,0.00
1,493.11,-91.70,208,0.00
1,493.11,-91.00,208,0.00
1,485.16,-95.10,209,0.00
1,477.20,-94.70,209,0.00
1,461.30,-79.20,210,0.00
1,461.30,-79.60,210,0.00
1,445.39,-80.10,211,0.00
1,445.39,-78.70,211,0.00
1,429.48,-78.80,212,0.00
1,429.48,-79.00,212,0.00
1,413.58,-79.10,213,0.00
1,413.58,-79.70,213,0.00
1,397.67,-79.30,214,0.00
1,405.62,-94.20,214,0.00
1,397.67,-95.40,215,0.00
1,389.72,-91.40,215,0.00
1,381.76,-91.80,216,0.00
1,373.81,-78.90,216,0.00
1,357.90,-81.50,217,0.00
1,357.90,-80.50,217,0.00
1,342.00,-78.80,218,0.00
1,342.00,-79.10,218,0.00
1,334.04,-80.20,219,0.00
1,334.04,-79.70,219,0.00
1,326.09,-92.80,220,0.00
1,326.09,-93.40,220,0.00
1,318.14,-94.20,221,0.00
1,310.18,-89.70,221,0.00
1,302.23,-90.20,222,0.00
1,302.23,-90.70,222,0.00
1,286.32,-86.40,223,0.00
1,286.32,-87.00,223,0.00
1,278.37,-87.90,224,0.00
1,270.42,-88.40,224,0.00
1,262.46,-83.90,225,0.00
1,262.46,-84.30,225,0.00
1,246.56,-84.80,226,0.00
1,246.56,-89.70,226,0.00
1,238.60,-83.60,227,0.00
1,238.60,-88.20,227,0.00
1,222.70,-82.70,228,0.00
