1,3777.86,-48.5,2,0,,3077.86,,99.21568627
1,5623.05,-9,63,0,,4923.05,,75.29411765
1,5623.05,-9.3,64,0,,4923.05,,74.90196078
1,5623.05,-9.8,64,0,,4923.05,,74.90196078
1,5615.1,-9.9,65,0,,4915.1,,74.50980392
1,5615.1,-9.6,65,0,,4915.1,,74.50980392
1,5599.19,-9.9,66,0,,4899.19,,74.11764706
1,5615.1,-16.9,66,0,,4915.1,,74.11764706
1,5615.1,-16.8,67,0,,4915.1,,73.7254902
1,5615.1,-16,67,0,,4915.1,,73.7254902
1,5599.19,-11.3,68,0,,4899.19,,73.33333333
1,5599.19,-10.8,68,0,,4899.19,,73.33333333
1,5583.29,-11.3,69,0,,4883.29,,72.94117647
1,5567.38,-11.5,69,0,,4867.38,,72.94117647
1,5567.38,-12.2,70,0,,4867.38,,72.54901961
1,5567.38,-12.4,70,0,,4867.38,,72.54901961
1,5551.47,-17.3,71,0,,4851.47,,72.15686275
1,5559.43,-16.6,71,0,,4859.43,,72.15686275
1,5551.47,-13,72,0,,4851.47,,71.76470588
1,5551.47,-12.9,72,0,,4851.47,,71.76470588
1,5535.57,-13.3,73,0,,4835.57,,71.37254902
1,5535.57,-13.5,73,0,,4835.57,,71.37254902
1,5519.66,-15.1,74,0,,4819.66,,70.98039216
1,5503.75,-14.6,74,0,,4803.75,,70.98039216
1,5503.75,-14.6,75,0,,4803.75,,70.58823529
1,5503.75,-15.7,75,0,,4803.75,,70.58823529
1,5487.85,-15.7,76,0,,4787.85,,70.19607843
1,5487.85,-16.5,76,0,,4787.85,,70.19607843
1,5527.61,-17.3,77,0,,4827.61,,69.80392157
1,5559.43,-17.8,77,0,,4859.43,,69.80392157
1,5567.38,-18.5,78,0,,4867.38,,69.41176471
1,5575.33,-16.1,78,0,,4875.33,,69.41176471
1,5575.33,-17.7,79,0,,4875.33,,69.01960784
1,5567.38,-17.5,79,0,,4867.38,,69.01960784
1,5559.43,-18,80,0,,4859.43,,68.62745098
1,5543.52,-20.6,80,0,,4843.52,,68.62745098
1,5519.66,-20.9,81,0,,4819.66,,68.23529412
1,5519.66,-20.8,81,0,,4819.66,,68.23529412
1,5503.75,-21.6,82,0,,4803.75,,67.84313725
1,5503.75,-22.2,82,0,,4803.75,,67.84313725
1,5448.08,-19.6,83,0,,4748.08,,67.45098039
1,5463.98,-18.5,83,0,,4763.98,,67.45098039
1,5471.94,-19.1,84,0,,4771.94,,67.05882353
1,5487.85,-18.7,84,0,,4787.85,,67.05882353
1,5479.89,-19.2,85,0,,4779.89,,66.66666667
1,5479.89,-19.8,85,0,,4779.89,,66.66666667
1,5487.85,-20.5,86,0,,4787.85,,66.2745098
1,5503.75,-20.3,86,0,,4803.75,,66.2745098
1,5479.89,-21.2,87,0,,4779.89,,65.88235294
1,5479.89,-21.6,87,0,,4779.89,,65.88235294
1,5471.94,-23.8,88,0,,4771.94,,65.49019608
1,5471.94,-23,88,0,,4771.94,,65.49019608
1,5463.98,-24,89,0,,4763.98,,65.09803922
1,5471.94,-25.8,89,0,,4771.94,,65.09803922
1,5456.03,-26.4,90,0,,4756.03,,64.70588235
1,5456.03,-29.9,90,0,,4756.03,,64.70588235
1,5432.17,-28,91,0,,4732.17,,64.31372549
1,5424.22,-28.8,91,0,,4724.22,,64.31372549
1,5424.22,-30.8,92,0,,4724.22,,63.92156863
1,5432.17,-31.4,92,0,,4732.17,,63.92156863
1,5408.31,-30.7,93,0,,4708.31,,63.52941176
1,5408.31,-31.8,93,0,,4708.31,,63.52941176
1,5408.31,-35.4,94,0,,4708.31,,63.1372549
1,5376.5,-29.3,94,0,,4676.5,,63.1372549
1,5416.26,-41.4,95,0,,4716.26,,62.74509804
1,5432.17,-41.6,95,0,,4732.17,,62.74509804
1,5416.26,-45.7,96,0,,4716.26,,62.35294118
1,5408.31,-42.5,96,0,,4708.31,,62.35294118
1,5392.4,-47.5,97,0,,4692.4,,61.96078431
1,5392.4,-49,97,0,,4692.4,,61.96078431
1,5368.54,-51.7,98,0,,4668.54,,61.56862745
1,5376.5,-53,98,0,,4676.5,,61.56862745
1,5352.64,-49.8,99,0,,4652.64,,61.17647059
1,5352.64,-48.6,99,0,,4652.64,,61.17647059
1,5328.78,-51.3,100,0,,4628.78,,60.78431373
1,5336.73,-58.8,100,0,,4636.73,,60.78431373
1,5312.87,-62.3,101,0,,4612.87,,60.39215686
1,5296.96,-57,101,0,,4596.96,,60.39215686
1,5273.1,-57.5,102,0,,4573.1,,60
1,5273.1,-57.7,102,0,,4573.1,,60
1,5249.24,-61.1,103,0,,4549.24,,59.60784314
1,5241.29,-59.7,103,0,,4541.29,,59.60784314
1,5217.43,-62.1,104,0,,4517.43,,59.21568627
1,5217.43,-62.2,104,0,,4517.43,,59.21568627
1,5185.62,-63.9,105,0,,4485.62,,58.82352941
1,5185.62,-64.8,105,0,,4485.62,,58.82352941
1,5153.8,-65.3,106,0,,4453.8,,58.43137255
1,5153.8,-65.6,106,0,,4453.8,,58.43137255
1,5121.99,-73.7,107,0,,4421.99,,58.03921569
1,5121.99,-74.2,107,0,,4421.99,,58.03921569
1,5090.18,-72.1,108,0,,4390.18,,57.64705882
1,5090.18,-72.3,108,0,,4390.18,,57.64705882
1,5050.41,-72.9,109,0,,4350.41,,57.25490196
1,5050.41,-72.8,109,0,,4350.41,,57.25490196
1,5026.55,-73.2,110,0,,4326.55,,56.8627451
1,5026.55,-72.3,110,0,,4326.55,,56.8627451
1,4994.73,-71.6,111,0,,4294.73,,56.47058824
1,4994.73,-74.8,111,0,,4294.73,,56.47058824
1,4954.97,-74.6,112,0,,4254.97,,56.07843137
1,4954.97,-73.9,112,0,,4254.97,,56.07843137
1,4923.15,-73.3,113,0,,4223.15,,55.68627451
1,4923.15,-76.7,113,0,,4223.15,,55.68627451
1,4891.34,-75.2,114,0,,4191.34,,55.29411765
1,4883.39,-72,114,0,,4183.39,,55.29411765
1,4843.62,-72.9,115,0,,4143.62,,54.90196078
1,4843.62,-70,115,0,,4143.62,,54.90196078
1,4811.81,-69.7,116,0,,4111.81,,54.50980392
1,4811.81,-75.5,116,0,,4111.81,,54.50980392
1,4772.04,-66.7,117,0,,4072.04,,54.11764706
1,4772.04,-66.4,117,0,,4072.04,,54.11764706
1,4740.23,-67.2,118,0,,4040.23,,53.7254902
1,4740.23,-66.6,118,0,,4040.23,,53.7254902
1,4700.46,-67.4,119,0,,4000.46,,53.33333333
1,4708.41,-77.6,119,0,,4008.41,,53.33333333
1,4676.6,-76.5,120,0,,3976.6,,52.94117647
1,4676.6,-78.7,120,0,,3976.6,,52.94117647
1,4636.83,-76.7,121,0,,3936.83,,52.54901961
1,4636.83,-77.9,121,0,,3936.83,,52.54901961
1,4605.02,-78.7,122,0,,3905.02,,52.15686275
1,4605.02,-79.1,122,0,,3905.02,,52.15686275
1,4573.2,-78,123,0,,3873.2,,51.76470588
1,4565.25,-78.5,123,0,,3865.25,,51.76470588
1,4533.44,-78.4,124,0,,3833.44,,51.37254902
1,4533.44,-77.7,124,0,,3833.44,,51.37254902
1,4501.62,-78.4,125,0,,3801.62,,50.98039216
1,4501.62,-77.3,125,0,,3801.62,,50.98039216
1,4461.86,-77,126,0,,3761.86,,50.58823529
1,4461.86,-78.4,126,0,,3761.86,,50.58823529
1,4430.04,-77.4,127,0,,3730.04,,50.19607843
1,4430.04,-71.6,127,0,,3730.04,,50.19607843
1,4390.28,-70.4,128,0,,3690.28,,49.80392157
1,4390.28,-74.2,128,0,,3690.28,,49.80392157
1,4366.42,-78.7,129,0,,3666.42,,49.41176471
1,4366.42,-78.1,129,0,,3666.42,,49.41176471
1,4318.7,-67.4,130,0,,3618.7,,49.01960784
1,4318.7,-66.4,130,0,,3618.7,,49.01960784
1,4286.88,-69.2,131,0,,3586.88,,48.62745098
1,4294.84,-78.5,131,0,,3594.84,,48.62745098
1,4255.07,-79.5,132,0,,3555.07,,48.23529412
1,4255.07,-79,132,0,,3555.07,,48.23529412
1,4223.25,-77.8,133,0,,3523.25,,47.84313725
1,4223.25,-78.6,133,0,,3523.25,,47.84313725
1,4191.44,-78.2,134,0,,3491.44,,47.45098039
1,4183.49,-77.3,134,0,,3483.49,,47.45098039
1,4151.67,-77.3,135,0,,3451.67,,47.05882353
1,4151.67,-77.5,135,0,,3451.67,,47.05882353
1,4119.86,-75.1,136,0,,3419.86,,46.66666667
1,4119.86,-75.5,136,0,,3419.86,,46.66666667
1,4080.09,-75.6,137,0,,3380.09,,46.2745098
1,4080.09,-76.3,137,0,,3380.09,,46.2745098
1,4048.28,-76.4,138,0,,3348.28,,45.88235294
1,4048.28,-76.9,138,0,,3348.28,,45.88235294
1,4016.47,-77.4,139,0,,3316.47,,45.49019608
1,4016.47,-78.4,139,0,,3316.47,,45.49019608
1,3976.7,-75,140,0,,3276.7,,45.09803922
1,3976.7,-75.7,140,0,,3276.7,,45.09803922
1,3944.89,-76.6,141,0,,3244.89,,44.70588235
1,3944.89,-73.9,141,0,,3244.89,,44.70588235
1,3905.12,-75.3,142,0,,3205.12,,44.31372549
1,3913.07,-75,142,0,,3213.07,,44.31372549
1,3873.31,-72.4,143,0,,3173.31,,43.92156863
1,3873.31,-72.7,143,0,,3173.31,,43.92156863
1,3841.49,-73.6,144,0,,3141.49,,43.52941176
1,3841.49,-74.3,144,0,,3141.49,,43.52941176
1,3801.72,-71.7,145,0,,3101.72,,43.1372549
1,3801.72,-76.6,145,0,,3101.72,,43.1372549
1,3769.91,-75.8,146,0,,3069.91,,42.74509804
1,3769.91,-74,146,0,,3069.91,,42.74509804
1,3730.14,-74.9,147,0,,3030.14,,42.35294118
1,3730.14,-71.2,147,0,,3030.14,,42.35294118
1,3698.33,-71.1,148,0,,2998.33,,41.96078431
1,3698.33,-68.6,148,0,,2998.33,,41.96078431
1,3666.52,-69.2,149,0,,2966.52,,41.56862745
1,3666.52,-69.7,149,0,,2966.52,,41.56862745
1,3634.7,-70.5,150,0,,2934.7,,41.17647059
1,3626.75,-67.7,150,0,,2926.75,,41.17647059
1,3594.94,-68,151,0,,2894.94,,40.78431373
1,3594.94,-68.3,151,0,,2894.94,,40.78431373
1,3563.12,-67,152,0,,2863.12,,40.39215686
1,3563.12,-67.3,152,0,,2863.12,,40.39215686
1,3523.36,-67.5,153,0,,2823.36,,40
1,3523.36,-67.9,153,0,,2823.36,,40
1,3491.54,-66.8,154,0,,2791.54,,39.60784314
1,3491.54,-66.6,154,0,,2791.54,,39.60784314
1,3459.73,-66.8,155,0,,2759.73,,39.21568627
1,3459.73,-66.9,155,0,,2759.73,,39.21568627
1,3419.96,-66.2,156,0,,2719.96,,38.82352941
1,3419.96,-66.8,156,0,,2719.96,,38.82352941
1,3396.1,-79.6,157,0,,2696.1,,38.43137255
1,3396.1,-79.9,157,0,,2696.1,,38.43137255
1,3356.33,-67.8,158,0,,2656.33,,38.03921569
1,3348.38,-69.2,158,0,,2648.38,,38.03921569
1,3316.57,-68.2,159,0,,2616.57,,37.64705882
1,3316.57,-68.7,159,0,,2616.57,,37.64705882
1,3284.75,-71.4,160,0,,2584.75,,37.25490196
1,3284.75,-70.4,160,0,,2584.75,,37.25490196
1,3252.94,-72.1,161,0,,2552.94,,36.8627451
1,3252.94,-70.8,161,0,,2552.94,,36.8627451
1,3221.13,-70.6,162,0,,2521.13,,36.47058824
1,3221.13,-72.7,162,0,,2521.13,,36.47058824
1,3181.36,-72.8,163,0,,2481.36,,36.07843137
1,3181.36,-72,163,0,,2481.36,,36.07843137
1,3149.55,-71.3,164,0,,2449.55,,35.68627451
1,3149.55,-74.3,164,0,,2449.55,,35.68627451
1,3117.73,-73.5,165,0,,2417.73,,35.29411765
1,3117.73,-73.1,165,0,,2417.73,,35.29411765
1,3077.97,-77,166,0,,2377.97,,34.90196078
1,3077.97,-75.4,166,0,,2377.97,,34.90196078
1,3046.15,-76.2,167,0,,2346.15,,34.50980392
1,3046.15,-73.3,167,0,,2346.15,,34.50980392
1,3014.34,-71.2,168,0,,2314.34,,34.11764706
1,3022.29,-74.7,168,0,,2322.29,,34.11764706
1,2982.52,-74,169,0,,2282.52,,33.7254902
1,2974.57,-72.5,169,0,,2274.57,,33.7254902
1,2942.76,-71.5,170,0,,2242.76,,33.33333333
1,2942.76,-75.5,170,0,,2242.76,,33.33333333
1,2910.94,-74.2,171,0,,2210.94,,32.94117647
1,2910.94,-73.6,171,0,,2210.94,,32.94117647
1,2879.13,-77.3,172,0,,2179.13,,32.54901961
1,2879.13,-76,172,0,,2179.13,,32.54901961
1,2839.36,-74.7,173,0,,2139.36,,32.15686275
1,2839.36,-77.6,173,0,,2139.36,,32.15686275
1,2807.55,-77.3,174,0,,2107.55,,31.76470588
1,2807.55,-76.5,174,0,,2107.55,,31.76470588
1,2767.78,-75.5,175,0,,2067.78,,31.37254902
1,2775.74,-79.1,175,0,,2075.74,,31.37254902
1,2735.97,-74.7,176,0,,2035.97,,30.98039216
1,2735.97,-71.7,176,0,,2035.97,,30.98039216
1,2704.16,-73,177,0,,2004.16,,30.58823529
1,2696.2,-73.7,177,0,,1996.2,,30.58823529
1,2664.39,-75.4,178,0,,1964.39,,30.19607843
1,2664.39,-74.3,178,0,,1964.39,,30.19607843
1,2632.57,-78.3,179,0,,1932.57,,29.80392157
1,2632.57,-76.8,179,0,,1932.57,,29.80392157
1,2592.81,-75.8,180,0,,1892.81,,29.41176471
1,2600.76,-78.8,180,0,,1900.76,,29.41176471
1,2560.99,-78.2,181,0,,1860.99,,29.01960784
1,2560.99,-76.8,181,0,,1860.99,,29.01960784
1,2529.18,-77.1,182,0,,1829.18,,28.62745098
1,2529.18,-79,182,0,,1829.18,,28.62745098
1,2489.41,-79.2,183,0,,1789.41,,28.23529412
1,2489.41,-78.1,183,0,,1789.41,,28.23529412
1,2457.6,-80.3,184,0,,1757.6,,27.84313725
1,2457.6,-80.3,184,0,,1757.6,,27.84313725
1,2425.79,-79.2,185,0,,1725.79,,27.45098039
1,2417.83,-66.8,185,0,,1717.83,,27.45098039
1,2386.02,-67.5,186,0,,1686.02,,27.05882353
1,2386.02,-67.2,186,0,,1686.02,,27.05882353
1,2346.25,-67.9,187,0,,1646.25,,26.66666667
1,2346.25,-67.3,187,0,,1646.25,,26.66666667
1,2314.44,-68.2,188,0,,1614.44,,26.2745098
1,2314.44,-78.8,188,0,,1614.44,,26.2745098
1,2282.63,-80.3,189,0,,1582.63,,25.88235294
1,2282.63,-80.6,189,0,,1582.63,,25.88235294
1,2250.81,-80.5,190,0,,1550.81,,25.49019608
1,2242.86,-67.4,190,0,,1542.86,,25.49019608
1,2211.04,-68.9,191,0,,1511.04,,25.09803922
1,2211.04,-67.8,191,0,,1511.04,,25.09803922
1,2179.23,-78.9,192,0,,1479.23,,24.70588235
1,2179.23,-79.7,192,0,,1479.23,,24.70588235
1,2147.42,-77,193,0,,1447.42,,24.31372549
1,2139.46,-77.8,193,0,,1439.46,,24.31372549
1,2107.65,-78.4,194,0,,1407.65,,23.92156863
1,2107.65,-79.3,194,0,,1407.65,,23.92156863
1,2067.88,-70.8,195,0,,1367.88,,23.52941176
1,2067.88,-69.8,195,0,,1367.88,,23.52941176
1,2036.07,-68.8,196,0,,1336.07,,23.1372549
1,2036.07,-72.1,196,0,,1336.07,,23.1372549
1,1996.3,-70.7,197,0,,1296.3,,22.74509804
1,1996.3,-70.2,197,0,,1296.3,,22.74509804
1,1964.49,-74,198,0,,1264.49,,22.35294118
1,1964.49,-73.6,198,0,,1264.49,,22.35294118
1,1932.68,-69.7,199,0,,1232.68,,21.96078431
1,1932.68,-70.4,199,0,,1232.68,,21.96078431
1,1892.91,-71.1,200,0,,1192.91,,21.56862745
1,1892.91,-72,200,0,,1192.91,,21.56862745
1,1861.1,-69.3,201,0,,1161.1,,21.17647059
1,1861.1,-70.2,201,0,,1161.1,,21.17647059
1,1821.33,-70.6,202,0,,1121.33,,20.78431373
1,1821.33,-67.9,202,0,,1121.33,,20.78431373
1,1789.51,-68.6,203,0,,1089.51,,20.39215686
1,1781.56,-68.7,203,0,,1081.56,,20.39215686
1,1749.75,-70.4,204,0,,1049.75,,20
1,1749.75,-80.8,204,0,,1049.75,,20
1,1709.98,-68.2,205,0,,1009.98,,19.60784314
1,1709.98,-68.6,205,0,,1009.98,,19.60784314
1,1678.17,-69.3,206,0,,978.17,,19.21568627
1,1670.21,-66.8,206,0,,970.21,,19.21568627
1,1638.4,-66.8,207,0,,938.4,,18.82352941
1,1638.4,-81.1,207,0,,938.4,,18.82352941
1,1598.63,-80,208,0,,898.63,,18.43137255
1,1590.68,-67.2,208,0,,890.68,,18.43137255
1,1558.87,-66.9,209,0,,858.87,,18.03921569
1,1558.87,-66.8,209,0,,858.87,,18.03921569
1,1519.1,-68,210,0,,819.1,,17.64705882
1,1519.1,-67.6,210,0,,819.1,,17.64705882
1,1487.29,-67.4,211,0,,787.29,,17.25490196
1,1479.33,-69.1,211,0,,779.33,,17.25490196
1,1447.52,-68.5,212,0,,747.52,,16.8627451
1,1439.57,-67.7,212,0,,739.57,,16.8627451
1,1407.75,-67.4,213,0,,707.75,,16.47058824
1,1407.75,-70,213,0,,707.75,,16.47058824
1,1375.94,-79.7,214,0,,675.94,,16.07843137
1,1375.94,-81,214,0,,675.94,,16.07843137
1,1344.12,-81,215,0,,644.12,,15.68627451
1,1336.17,-80.8,215,0,,636.17,,15.68627451
1,1304.36,-80,216,0,,604.36,,15.29411765
1,1296.4,-81.6,216,0,,596.4,,15.29411765
1,1264.59,-81.5,217,0,,564.59,,14.90196078
1,1264.59,-80.6,217,0,,564.59,,14.90196078
1,1224.82,-82.4,218,0,,524.82,,14.50980392
1,1208.92,-67.6,218,0,,508.92,,14.50980392
1,1177.1,-66.9,219,0,,477.1,,14.11764706
1,1177.1,-67,219,0,,477.1,,14.11764706
1,1145.29,-80.1,220,0,,445.29,,13.7254902
1,1145.29,-79.9,220,0,,445.29,,13.7254902
1,1105.52,-82,221,0,,405.52,,13.33333333
1,1105.52,-80.9,221,0,,405.52,,13.33333333
1,1065.76,-80.7,222,0,,365.76,,12.94117647
1,1065.76,-80.4,222,0,,365.76,,12.94117647
1,1025.99,-69.3,223,0,,325.99,,12.54901961
1,1025.99,-81.8,223,0,,325.99,,12.54901961
1,994.17,-81.6,224,0,,294.17,,12.15686275
1,986.22,-81.1,224,0,,286.22,,12.15686275
1,954.41,-82.5,225,0,,254.41,,11.76470588
1,946.45,-81.8,225,0,,246.45,,11.76470588
1,914.64,-82.1,226,0,,214.64,,11.37254902
1,906.69,-82.1,226,0,,206.69,,11.37254902
1,874.87,-81.9,227,0,,174.87,,10.98039216
1,866.92,-82.1,227,0,,166.92,,10.98039216
1,835.11,-82,228,0,,135.11,,10.58823529
1,827.15,-66.8,228,0,,127.15,,10.58823529
1,795.34,-67,229,0,,95.34,,10.19607843
1,787.39,-67.7,229,0,,87.39,,10.19607843
1,755.57,-67.2,230,0,,55.57,,9.803921569
1,747.62,-67.4,230,0,,47.62,,9.803921569
1,715.81,-68.6,231,0,,15.81,,9.411764706
1,707.85,-67.8,231,0,,7.85,,9.411764706
1,3777.86,-44.3,2,0,,3077.86,,99.21568627
1,5599.19,-10.4,2,0,,4899.19,,99.21568627
1,5623.05,-6,3,0,,4923.05,,98.82352941
1,5623.05,-6.1,3,0,,4923.05,,98.82352941
1,5631.01,-7.6,4,0,,4931.01,,98.43137255
1,5631.01,-7.3,4,0,,4931.01,,98.43137255
1,5631.01,-7,5,0,,4931.01,,98.03921569
1,5631.01,-5.7,5,0,,4931.01,,98.03921569
1,5631.01,-7.7,6,0,,4931.01,,97.64705882
1,5631.01,-7.6,6,0,,4931.01,,97.64705882
1,5623.05,-7,7,0,,4923.05,,97.25490196
1,5615.1,-8,7,0,,4915.1,,97.25490196
1,5615.1,-7.5,8,0,,4915.1,,96.8627451
1,5607.15,-4.2,8,0,,4907.15,,96.8627451
1,5615.1,-5.9,9,0,,4915.1,,96.47058824
1,5615.1,-6.9,9,0,,4915.1,,96.47058824
1,5615.1,-6.8,10,0,,4915.1,,96.07843137
1,5615.1,-6.4,10,0,,4915.1,,96.07843137
1,5615.1,-5.9,11,0,,4915.1,,95.68627451
1,5607.15,-7.5,11,0,,4907.15,,95.68627451
1,5615.1,-7.1,12,0,,4915.1,,95.29411765
1,5607.15,-6.8,12,0,,4907.15,,95.29411765
1,5607.15,-5.9,13,0,,4907.15,,94.90196078
1,5607.15,-7.5,13,0,,4907.15,,94.90196078
1,5607.15,-7.3,14,0,,4907.15,,94.50980392
1,5607.15,-5.8,14,0,,4907.15,,94.50980392
1,5607.15,-6.1,15,0,,4907.15,,94.11764706
1,5607.15,-5.2,15,0,,4907.15,,94.11764706
1,5607.15,-6.8,16,0,,4907.15,,93.7254902
1,5607.15,-6.6,16,0,,4907.15,,93.7254902
1,5607.15,-6,17,0,,4907.15,,93.33333333
1,5607.15,-7.5,17,0,,4907.15,,93.33333333
1,5607.15,-7,18,0,,4907.15,,92.94117647
1,5607.15,-7,18,0,,4907.15,,92.94117647
1,5591.24,-4.9,19,0,,4891.24,,92.54901961
1,5591.24,-5.4,19,0,,4891.24,,92.54901961
1,5591.24,-5.5,20,0,,4891.24,,92.15686275
1,5591.24,-6.1,20,0,,4891.24,,92.15686275
1,5591.24,-4.6,21,0,,4891.24,,91.76470588
1,5591.24,-5.4,21,0,,4891.24,,91.76470588
1,5591.24,-5.7,22,0,,4891.24,,91.37254902
1,5591.24,-4.9,22,0,,4891.24,,91.37254902
1,5591.24,-4.9,23,0,,4891.24,,90.98039216
1,5583.29,-5,23,0,,4883.29,,90.98039216
1,5583.29,-6.4,24,0,,4883.29,,90.58823529
1,5567.38,-5.3,24,0,,4867.38,,90.58823529
1,5567.38,-5.4,25,0,,4867.38,,90.19607843
1,5559.43,-5.8,25,0,,4859.43,,90.19607843
1,5559.43,-4.9,26,0,,4859.43,,89.80392157
1,5559.43,-5.6,26,0,,4859.43,,89.80392157
1,5559.43,-5.5,27,0,,4859.43,,89.41176471
1,5559.43,-5.6,27,0,,4859.43,,89.41176471
1,5559.43,-5.5,28,0,,4859.43,,89.01960784
1,5559.43,-5.2,28,0,,4859.43,,89.01960784
1,5559.43,-8.5,29,0,,4859.43,,88.62745098
1,5567.38,-9,29,0,,4867.38,,88.62745098
1,5559.43,-5.2,30,0,,4859.43,,88.23529412
1,5559.43,-5.1,30,0,,4859.43,,88.23529412
1,5559.43,-5.8,31,0,,4859.43,,87.84313725
1,5559.43,-5.1,31,0,,4859.43,,87.84313725
1,5559.43,-5.2,32,0,,4859.43,,87.45098039
1,5559.43,-5.4,32,0,,4859.43,,87.45098039
1,5551.47,-5.4,33,0,,4851.47,,87.05882353
1,5551.47,-5.4,33,0,,4851.47,,87.05882353
1,5551.47,-5.2,34,0,,4851.47,,86.66666667
1,5551.47,-8.9,34,0,,4851.47,,86.66666667
1,5543.52,-9,35,0,,4843.52,,86.2745098
1,5543.52,-9.1,35,0,,4843.52,,86.2745098
1,5543.52,-8.7,36,0,,4843.52,,85.88235294
1,5543.52,-8.9,36,0,,4843.52,,85.88235294
1,5535.57,-9.3,37,0,,4835.57,,85.49019608
1,5535.57,-8.6,37,0,,4835.57,,85.49019608
1,5543.52,-8.9,38,0,,4843.52,,85.09803922
1,5543.52,-9.1,38,0,,4843.52,,85.09803922
1,5535.57,-7.1,39,0,,4835.57,,84.70588235
1,5551.47,-10.3,39,0,,4851.47,,84.70588235
1,5551.47,-9.8,40,0,,4851.47,,84.31372549
1,5551.47,-10,40,0,,4851.47,,84.31372549
1,5551.47,-10.3,41,0,,4851.47,,83.92156863
1,5551.47,-10,41,0,,4851.47,,83.92156863
1,5551.47,-10.6,42,0,,4851.47,,83.52941176
1,5551.47,-10.4,42,0,,4851.47,,83.52941176
1,5559.43,-10.7,43,0,,4859.43,,83.1372549
1,5527.61,-9.8,43,0,,4827.61,,83.1372549
1,5527.61,-10.3,44,0,,4827.61,,82.74509804
1,5527.61,-7.1,44,0,,4827.61,,82.74509804
1,5519.66,-9.2,45,0,,4819.66,,82.35294118
1,5543.52,-10.7,45,0,,4843.52,,82.35294118
1,5543.52,-10.6,46,0,,4843.52,,81.96078431
1,5543.52,-10.7,46,0,,4843.52,,81.96078431
1,5543.52,-10.6,47,0,,4843.52,,81.56862745
1,5535.57,-10.4,47,0,,4835.57,,81.56862745
1,5543.52,-11.5,48,0,,4843.52,,81.17647059
1,5551.47,-11.1,48,0,,4851.47,,81.17647059
1,5551.47,-11.4,49,0,,4851.47,,80.78431373
1,5559.43,-6.9,49,0,,4859.43,,80.78431373
1,5559.43,-7.6,50,0,,4859.43,,80.39215686
1,5567.38,-6.6,50,0,,4867.38,,80.39215686
1,5559.43,-7,51,0,,4859.43,,80
1,5559.43,-8.1,51,0,,4859.43,,80
1,5559.43,-8,52,0,,4859.43,,79.60784314
1,5559.43,-7.4,52,0,,4859.43,,79.60784314
1,5559.43,-7.5,53,0,,4859.43,,79.21568627
1,5559.43,-11.4,53,0,,4859.43,,79.21568627
1,5559.43,-11.6,54,0,,4859.43,,78.82352941
1,5559.43,-10.9,54,0,,4859.43,,78.82352941
1,5559.43,-10.8,55,0,,4859.43,,78.43137255
1,5567.38,-9.9,55,0,,4867.38,,78.43137255
1,5567.38,-9.8,56,0,,4867.38,,78.03921569
1,5567.38,-11.4,56,0,,4867.38,,78.03921569
1,5567.38,-10.8,57,0,,4867.38,,77.64705882
1,5567.38,-10.4,57,0,,4867.38,,77.64705882
1,5559.43,-12.2,58,0,,4859.43,,77.25490196
1,5559.43,-11.6,58,0,,4859.43,,77.25490196
1,5559.43,-11.3,59,0,,4859.43,,76.8627451
1,5559.43,-9.7,59,0,,4859.43,,76.8627451
1,5551.47,-10.4,60,0,,4851.47,,76.47058824
1,5551.47,-10.9,60,0,,4851.47,,76.47058824
1,5567.38,-12.5,61,0,,4867.38,,76.07843137
1,5567.38,-14.1,61,0,,4867.38,,76.07843137
1,5567.38,-14,62,0,,4867.38,,75.68627451
1,5567.38,-13.1,62,0,,4867.38,,75.68627451
1,5567.38,-13.4,63,0,,4867.38,,75.29411765
1,5559.43,-14.8,63,0,,4859.43,,75.29411765
1,5559.43,-14.1,64,0,,4859.43,,74.90196078
1,5559.43,-14.1,64,0,,4859.43,,74.90196078
1,5543.52,-10.8,65,0,,4843.52,,74.50980392
1,5543.52,-11.7,65,0,,4843.52,,74.50980392
1,5543.52,-9.9,66,0,,4843.52,,74.11764706
1,5543.52,-10.4,66,0,,4843.52,,74.11764706
1,5543.52,-11.3,67,0,,4843.52,,73.7254902
1,5543.52,-11.5,67,0,,4843.52,,73.7254902
1,5543.52,-10.6,68,0,,4843.52,,73.33333333
1,5559.43,-16.8,68,0,,4859.43,,73.33333333
1,5543.52,-11.7,69,0,,4843.52,,72.94117647
1,5543.52,-12.1,69,0,,4843.52,,72.94117647
1,5535.57,-10.8,70,0,,4835.57,,72.54901961
1,5535.57,-11.2,70,0,,4835.57,,72.54901961
1,5535.57,-12.1,71,0,,4835.57,,72.15686275
1,5535.57,-11,71,0,,4835.57,,72.15686275
1,5535.57,-11.6,72,0,,4835.57,,71.76470588
1,5535.57,-12.2,72,0,,4835.57,,71.76470588
1,5535.57,-11.1,73,0,,4835.57,,71.37254902
1,5535.57,-11.9,73,0,,4835.57,,71.37254902
1,5527.61,-12.6,74,0,,4827.61,,70.98039216
1,5527.61,-12.2,74,0,,4827.61,,70.98039216
1,5535.57,-20.4,75,0,,4835.57,,70.58823529
1,5535.57,-20.8,75,0,,4835.57,,70.58823529
1,5527.61,-20.1,76,0,,4827.61,,70.19607843
1,5535.57,-13.6,76,0,,4835.57,,70.19607843
1,5527.61,-13.9,77,0,,4827.61,,69.80392157
1,5527.61,-13,77,0,,4827.61,,69.80392157
1,5527.61,-15.2,78,0,,4827.61,,69.41176471
1,5527.61,-14,78,0,,4827.61,,69.41176471
1,5511.71,-21.6,79,0,,4811.71,,69.01960784
1,5511.71,-20.2,79,0,,4811.71,,69.01960784
1,5511.71,-22,80,0,,4811.71,,68.62745098
1,5511.71,-21.9,80,0,,4811.71,,68.62745098
1,5503.75,-23,81,0,,4803.75,,68.23529412
1,5503.75,-21.4,81,0,,4803.75,,68.23529412
1,5503.75,-22.2,82,0,,4803.75,,67.84313725
1,5503.75,-23.4,82,0,,4803.75,,67.84313725
1,5503.75,-17.5,83,0,,4803.75,,67.45098039
1,5503.75,-19,83,0,,4803.75,,67.45098039
1,5503.75,-19.8,84,0,,4803.75,,67.05882353
1,5503.75,-18.6,84,0,,4803.75,,67.05882353
1,5495.8,-21.5,85,0,,4795.8,,66.66666667
1,5495.8,-22.1,85,0,,4795.8,,66.66666667
1,5487.85,-23.2,86,0,,4787.85,,66.2745098
1,5487.85,-21.3,86,0,,4787.85,,66.2745098
1,5479.89,-22.6,87,0,,4779.89,,65.88235294
1,5487.85,-23.1,87,0,,4787.85,,65.88235294
1,5479.89,-22.5,88,0,,4779.89,,65.49019608
1,5479.89,-22.9,88,0,,4779.89,,65.49019608
1,5471.94,-27.2,89,0,,4771.94,,65.09803922
1,5471.94,-28.9,89,0,,4771.94,,65.09803922
1,5463.98,-29.6,90,0,,4763.98,,64.70588235
1,5463.98,-28.8,90,0,,4763.98,,64.70588235
1,5456.03,-29.6,91,0,,4756.03,,64.31372549
1,5456.03,-32,91,0,,4756.03,,64.31372549
1,5440.12,-29.3,92,0,,4740.12,,63.92156863
1,5440.12,-30,92,0,,4740.12,,63.92156863
1,5432.17,-32.5,93,0,,4732.17,,63.52941176
1,5432.17,-30.7,93,0,,4732.17,,63.52941176
1,5416.26,-33.2,94,0,,4716.26,,63.1372549
1,5416.26,-33.6,94,0,,4716.26,,63.1372549
1,5400.36,-36.4,95,0,,4700.36,,62.74509804
1,5408.31,-39.8,95,0,,4708.31,,62.74509804
1,5392.4,-42.4,96,0,,4692.4,,62.35294118
1,5392.4,-43.2,96,0,,4692.4,,62.35294118
1,5368.54,-45.6,97,0,,4668.54,,61.96078431
1,5368.54,-45.4,97,0,,4668.54,,61.96078431
1,5344.68,-42.6,98,0,,4644.68,,61.56862745
1,5344.68,-40.9,98,0,,4644.68,,61.56862745
1,5328.78,-44.8,99,0,,4628.78,,61.17647059
1,5328.78,-44.1,99,0,,4628.78,,61.17647059
1,5312.87,-46.2,100,0,,4612.87,,60.78431373
1,5312.87,-48.6,100,0,,4612.87,,60.78431373
1,5281.06,-49.9,101,0,,4581.06,,60.39215686
1,5281.06,-49.5,101,0,,4581.06,,60.39215686
1,5249.24,-52.4,102,0,,4549.24,,60
1,5249.24,-50.9,102,0,,4549.24,,60
1,5217.43,-52.6,103,0,,4517.43,,59.60784314
1,5217.43,-50.7,103,0,,4517.43,,59.60784314
1,5185.62,-54.2,104,0,,4485.62,,59.21568627
1,5177.66,-52.9,104,0,,4477.66,,59.21568627
1,5169.71,-58.3,105,0,,4469.71,,58.82352941
1,5177.66,-64.1,105,0,,4477.66,,58.82352941
1,5137.9,-65,106,0,,4437.9,,58.43137255
1,5137.9,-62.2,106,0,,4437.9,,58.43137255
1,5106.08,-64.4,107,0,,4406.08,,58.03921569
1,5121.99,-66.8,107,0,,4421.99,,58.03921569
1,5090.18,-68,108,0,,4390.18,,57.64705882
1,5074.27,-65.2,108,0,,4374.27,,57.64705882
1,5050.41,-66.6,109,0,,4350.41,,57.25490196
1,5042.45,-67.3,109,0,,4342.45,,57.25490196
1,5018.59,-68.3,110,0,,4318.59,,56.8627451
1,5010.64,-67.9,110,0,,4310.64,,56.8627451
1,4986.78,-68.1,111,0,,4286.78,,56.47058824
1,4978.83,-68.4,111,0,,4278.83,,56.47058824
1,4947.01,-68.8,112,0,,4247.01,,56.07843137
1,4947.01,-68.3,112,0,,4247.01,,56.07843137
1,4915.2,-73.3,113,0,,4215.2,,55.68627451
1,4915.2,-71.2,113,0,,4215.2,,55.68627451
1,4883.39,-75.6,114,0,,4183.39,,55.29411765
1,4883.39,-74.4,114,0,,4183.39,,55.29411765
1,4843.62,-73.9,115,0,,4143.62,,54.90196078
1,4843.62,-73.2,115,0,,4143.62,,54.90196078
1,4811.81,-70.7,116,0,,4111.81,,54.50980392
1,4811.81,-70.4,116,0,,4111.81,,54.50980392
1,4779.99,-68.2,117,0,,4079.99,,54.11764706
1,4772.04,-69.6,117,0,,4072.04,,54.11764706
1,4748.18,-70.4,118,0,,4048.18,,53.7254902
1,4740.23,-68.6,118,0,,4040.23,,53.7254902
1,4700.46,-69.3,119,0,,4000.46,,53.33333333
1,4700.46,-70.9,119,0,,4000.46,,53.33333333
1,4668.65,-71.3,120,0,,3968.65,,52.94117647
1,4668.65,-70,120,0,,3968.65,,52.94117647
1,4636.83,-72,121,0,,3936.83,,52.54901961
1,4636.83,-71.1,121,0,,3936.83,,52.54901961
1,4605.02,-71.4,122,0,,3905.02,,52.15686275
1,4597.06,-74.3,122,0,,3897.06,,52.15686275
1,4573.2,-71,123,0,,3873.2,,51.76470588
1,4565.25,-71.6,123,0,,3865.25,,51.76470588
1,4533.44,-72.3,124,0,,3833.44,,51.37254902
1,4533.44,-73.9,124,0,,3833.44,,51.37254902
1,4501.62,-71,125,0,,3801.62,,50.98039216
1,4501.62,-70.9,125,0,,3801.62,,50.98039216
1,4469.81,-78,126,0,,3769.81,,50.58823529
1,4469.81,-77.4,126,0,,3769.81,,50.58823529
1,4430.04,-77.3,127,0,,3730.04,,50.19607843
1,4430.04,-78.4,127,0,,3730.04,,50.19607843
1,4390.28,-67.4,128,0,,3690.28,,49.80392157
1,4390.28,-67.5,128,0,,3690.28,,49.80392157
1,4358.46,-66.9,129,0,,3658.46,,49.41176471
1,4358.46,-66.8,129,0,,3658.46,,49.41176471
1,4326.65,-68,130,0,,3626.65,,49.01960784
1,4326.65,-67.2,130,0,,3626.65,,49.01960784
1,4286.88,-66.9,131,0,,3586.88,,48.62745098
1,4286.88,-69,131,0,,3586.88,,48.62745098
1,4255.07,-68.1,132,0,,3555.07,,48.23529412
1,4255.07,-67.8,132,0,,3555.07,,48.23529412
1,4223.25,-70.3,133,0,,3523.25,,47.84313725
1,4223.25,-68.9,133,0,,3523.25,,47.84313725
1,4183.49,-68.4,134,0,,3483.49,,47.45098039
1,4183.49,-67.8,134,0,,3483.49,,47.45098039
1,4151.67,-69.4,135,0,,3451.67,,47.05882353
1,4151.67,-69.5,135,0,,3451.67,,47.05882353
1,4119.86,-68.8,136,0,,3419.86,,46.66666667
1,4127.81,-75.5,136,0,,3427.81,,46.66666667
1,4088.05,-78.8,137,0,,3388.05,,46.2745098
1,4088.05,-77.2,137,0,,3388.05,,46.2745098
1,4048.28,-77.8,138,0,,3348.28,,45.88235294
1,4048.28,-69.3,138,0,,3348.28,,45.88235294
1,4008.51,-70.3,139,0,,3308.51,,45.49019608
1,4016.47,-70.5,139,0,,3316.47,,45.49019608
1,3976.7,-71.6,140,0,,3276.7,,45.09803922
1,3976.7,-68.9,140,0,,3276.7,,45.09803922
1,3936.93,-70.1,141,0,,3236.93,,44.70588235
1,3936.93,-70.1,141,0,,3236.93,,44.70588235
1,3905.12,-68.5,142,0,,3205.12,,44.31372549
1,3905.12,-69,142,0,,3205.12,,44.31372549
1,3873.31,-78.1,143,0,,3173.31,,43.92156863
1,3881.26,-77.5,143,0,,3181.26,,43.92156863
1,3841.49,-79.5,144,0,,3141.49,,43.52941176
1,3841.49,-79.3,144,0,,3141.49,,43.52941176
1,3809.68,-78.1,145,0,,3109.68,,43.1372549
1,3809.68,-77.4,145,0,,3109.68,,43.1372549
1,3769.91,-78.6,146,0,,3069.91,,42.74509804
1,3769.91,-78.9,146,0,,3069.91,,42.74509804
1,3738.1,-79.5,147,0,,3038.1,,42.35294118
1,3738.1,-78.9,147,0,,3038.1,,42.35294118
1,3706.28,-78.7,148,0,,3006.28,,41.96078431
1,3698.33,-79,148,0,,2998.33,,41.96078431
1,3666.52,-79.1,149,0,,2966.52,,41.56862745
1,3666.52,-79,149,0,,2966.52,,41.56862745
1,3634.7,-78.9,150,0,,2934.7,,41.17647059
1,3634.7,-79.1,150,0,,2934.7,,41.17647059
1,3602.89,-79.7,151,0,,2902.89,,40.78431373
1,3602.89,-79.6,151,0,,2902.89,,40.78431373
1,3563.12,-78.7,152,0,,2863.12,,40.39215686
1,3563.12,-78.7,152,0,,2863.12,,40.39215686
1,3531.31,-79.2,153,0,,2831.31,,40
1,3531.31,-78.1,153,0,,2831.31,,40
1,3491.54,-68,154,0,,2791.54,,39.60784314
1,3491.54,-67.7,154,0,,2791.54,,39.60784314
1,3459.73,-66.9,155,0,,2759.73,,39.21568627
1,3467.68,-79.5,155,0,,2767.68,,39.21568627
1,3419.96,-66.8,156,0,,2719.96,,38.82352941
1,3419.96,-66.6,156,0,,2719.96,,38.82352941
1,3388.15,-66.8,157,0,,2688.15,,38.43137255
1,3396.1,-79.6,157,0,,2696.1,,38.43137255
1,3356.33,-79.5,158,0,,2656.33,,38.03921569
1,3356.33,-79.1,158,0,,2656.33,,38.03921569
1,3324.52,-78.8,159,0,,2624.52,,37.64705882
1,3324.52,-79.2,159,0,,2624.52,,37.64705882
1,3292.71,-79.5,160,0,,2592.71,,37.25490196
1,3292.71,-78.5,160,0,,2592.71,,37.25490196
1,3252.94,-78.1,161,0,,2552.94,,36.8627451
1,3252.94,-78.7,161,0,,2552.94,,36.8627451
1,3221.13,-76.3,162,0,,2521.13,,36.47058824
1,3221.13,-77.1,162,0,,2521.13,,36.47058824
1,3189.31,-77.5,163,0,,2489.31,,36.07843137
1,3181.36,-77.9,163,0,,2481.36,,36.07843137
1,3149.55,-75.8,164,0,,2449.55,,35.68627451
1,3149.55,-76,164,0,,2449.55,,35.68627451
1,3109.78,-66.5,165,0,,2409.78,,35.29411765
1,3109.78,-67.3,165,0,,2409.78,,35.29411765
1,3077.97,-67,166,0,,2377.97,,34.90196078
1,3077.97,-74.1,166,0,,2377.97,,34.90196078
1,3046.15,-75.1,167,0,,2346.15,,34.50980392
1,3046.15,-75.7,167,0,,2346.15,,34.50980392
1,3014.34,-72.9,168,0,,2314.34,,34.11764706
1,3014.34,-74.4,168,0,,2314.34,,34.11764706
1,2982.52,-74.3,169,0,,2282.52,,33.7254902
1,2974.57,-71.3,169,0,,2274.57,,33.7254902
1,2942.76,-71.3,170,0,,2242.76,,33.33333333
1,2942.76,-74.4,170,0,,2242.76,,33.33333333
1,2910.94,-73.9,171,0,,2210.94,,32.94117647
1,2910.94,-72.5,171,0,,2210.94,,32.94117647
1,2871.18,-75.6,172,0,,2171.18,,32.54901961
1,2871.18,-73.9,172,0,,2171.18,,32.54901961
1,2839.36,-75.4,173,0,,2139.36,,32.15686275
1,2839.36,-76,173,0,,2139.36,,32.15686275
1,2807.55,-73.1,174,0,,2107.55,,31.76470588
1,2799.6,-68.2,174,0,,2099.6,,31.76470588
1,2767.78,-67.7,175,0,,2067.78,,31.37254902
1,2767.78,-71,175,0,,2067.78,,31.37254902
1,2735.97,-69.3,176,0,,2035.97,,30.98039216
1,2735.97,-71.8,176,0,,2035.97,,30.98039216
1,2704.16,-72.6,177,0,,2004.16,,30.58823529
1,2704.16,-73.1,177,0,,2004.16,,30.58823529
1,2664.39,-74.1,178,0,,1964.39,,30.19607843
1,2664.39,-71.5,178,0,,1964.39,,30.19607843
1,2632.57,-71.8,179,0,,1932.57,,29.80392157
1,2632.57,-72.8,179,0,,1932.57,,29.80392157
1,2592.81,-70.2,180,0,,1892.81,,29.41176471
1,2592.81,-70.6,180,0,,1892.81,,29.41176471
1,2560.99,-71.6,181,0,,1860.99,,29.01960784
1,2560.99,-72.5,181,0,,1860.99,,29.01960784
1,2521.23,-69.7,182,0,,1821.23,,28.62745098
1,2521.23,-69.8,182,0,,1821.23,,28.62745098
1,2489.41,-71.2,183,0,,1789.41,,28.23529412
1,2489.41,-68.2,183,0,,1789.41,,28.23529412
1,2457.6,-74,184,0,,1757.6,,27.84313725
1,2457.6,-73,184,0,,1757.6,,27.84313725
1,2417.83,-74.1,185,0,,1717.83,,27.45098039
1,2417.83,-70.6,185,0,,1717.83,,27.45098039
1,2386.02,-71.3,186,0,,1686.02,,27.05882353
1,2386.02,-77.4,186,0,,1686.02,,27.05882353
1,2346.25,-69.4,187,0,,1646.25,,26.66666667
1,2346.25,-71.1,187,0,,1646.25,,26.66666667
1,2314.44,-71.6,188,0,,1614.44,,26.2745098
1,2314.44,-69,188,0,,1614.44,,26.2745098
1,2282.63,-69.5,189,0,,1582.63,,25.88235294
1,2274.67,-70.4,189,0,,1574.67,,25.88235294
1,2242.86,-71.1,190,0,,1542.86,,25.49019608
1,2242.86,-68.4,190,0,,1542.86,,25.49019608
1,2211.04,-69.1,191,0,,1511.04,,25.09803922
1,2211.04,-69.8,191,0,,1511.04,,25.09803922
1,2171.28,-67.6,192,0,,1471.28,,24.70588235
1,2171.28,-68.1,192,0,,1471.28,,24.70588235
1,2139.46,-68.4,193,0,,1439.46,,24.31372549
1,2139.46,-72,193,0,,1439.46,,24.31372549
1,2107.65,-71.9,194,0,,1407.65,,23.92156863
1,2107.65,-70.6,194,0,,1407.65,,23.92156863
1,2067.88,-73.9,195,0,,1367.88,,23.52941176
1,2067.88,-72.9,195,0,,1367.88,,23.52941176
1,2036.07,-71.7,196,0,,1336.07,,23.1372549
1,2036.07,-74.1,196,0,,1336.07,,23.1372549
1,1996.3,-75.2,197,0,,1296.3,,22.74509804
1,1996.3,-75.6,197,0,,1296.3,,22.74509804
1,1964.49,-72.5,198,0,,1264.49,,22.35294118
1,1964.49,-73.6,198,0,,1264.49,,22.35294118
1,1924.72,-74.8,199,0,,1224.72,,21.96078431
1,1924.72,-71.1,199,0,,1224.72,,21.96078431
1,1892.91,-72.7,200,0,,1192.91,,21.56862745
1,1892.91,-76,200,0,,1192.91,,21.56862745
1,1861.1,-75.1,201,0,,1161.1,,21.17647059
1,1861.1,-74.1,201,0,,1161.1,,21.17647059
1,1821.33,-73.6,202,0,,1121.33,,20.78431373
1,1821.33,-70,202,0,,1121.33,,20.78431373
1,1781.56,-72,203,0,,1081.56,,20.39215686
1,1781.56,-75.2,203,0,,1081.56,,20.39215686
1,1741.79,-74.4,204,0,,1041.79,,20
1,1741.79,-73,204,0,,1041.79,,20
1,1709.98,-72.7,205,0,,1009.98,,19.60784314
1,1709.98,-76.2,205,0,,1009.98,,19.60784314
1,1678.17,-75.2,206,0,,978.17,,19.21568627
1,1678.17,-72.5,206,0,,978.17,,19.21568627
1,1638.4,-73.2,207,0,,938.4,,18.82352941
1,1638.4,-74,207,0,,938.4,,18.82352941
1,1606.59,-71.1,208,0,,906.59,,18.43137255
1,1598.63,-71.4,208,0,,898.63,,18.43137255
1,1566.82,-72.9,209,0,,866.82,,18.03921569
1,1566.82,-69.6,209,0,,866.82,,18.03921569
1,1527.05,-71,210,0,,827.05,,17.64705882
1,1527.05,-71.6,210,0,,827.05,,17.64705882
1,1487.29,-72.7,211,0,,787.29,,17.25490196
1,1487.29,-69.5,211,0,,787.29,,17.25490196
1,1455.47,-71.1,212,0,,755.47,,16.8627451
1,1447.52,-73.3,212,0,,747.52,,16.8627451
1,1415.7,-76,213,0,,715.7,,16.47058824
1,1415.7,-75.7,213,0,,715.7,,16.47058824
1,1375.94,-74.6,214,0,,675.94,,16.07843137
1,1375.94,-77.6,214,0,,675.94,,16.07843137
1,1336.17,-77.2,215,0,,636.17,,15.68627451
1,1336.17,-75.8,215,0,,636.17,,15.68627451
1,1304.36,-77.8,216,0,,604.36,,15.29411765
1,1296.4,-74.8,216,0,,596.4,,15.29411765
1,1264.59,-71.7,217,0,,564.59,,14.90196078
1,1256.64,-72.8,217,0,,556.64,,14.90196078
1,1224.82,-74.1,218,0,,524.82,,14.50980392
1,1216.87,-71,218,0,,516.87,,14.50980392
1,1185.06,-71.5,219,0,,485.06,,14.11764706
1,1177.1,-72.8,219,0,,477.1,,14.11764706
1,1145.29,-73.2,220,0,,445.29,,13.7254902
1,1145.29,-70.1,220,0,,445.29,,13.7254902
1,1105.52,-71.8,221,0,,405.52,,13.33333333
1,1105.52,-72.1,221,0,,405.52,,13.33333333
1,1073.71,-80.3,222,0,,373.71,,12.94117647
1,1065.76,-79.4,222,0,,365.76,,12.94117647
1,1033.94,-78.3,223,0,,333.94,,12.54901961
1,1033.94,-81.2,223,0,,333.94,,12.54901961
1,994.17,-80.8,224,0,,294.17,,12.15686275
1,994.17,-79.4,224,0,,294.17,,12.15686275
1,954.41,-78.8,225,0,,254.41,,11.76470588
1,954.41,-81.1,225,0,,254.41,,11.76470588
1,922.59,-80.6,226,0,,222.59,,11.37254902
1,914.64,-80,226,0,,214.64,,11.37254902
1,874.87,-69.7,227,0,,174.87,,10.98039216
1,866.92,-70.1,227,0,,166.92,,10.98039216
1,835.11,-68.1,228,0,,135.11,,10.58823529
1,827.15,-68.3,228,0,,127.15,,10.58823529
1,795.34,-69.4,229,0,,95.34,,10.19607843
1,787.39,-70.3,229,0,,87.39,,10.19607843
1,755.57,-67.4,230,0,,55.57,,9.803921569
1,747.62,-68.4,230,0,,47.62,,9.803921569
1,715.81,-69.7,231,0,,15.81,,9.411764706
1,707.85,-75.8,231,0,,7.85,,9.411764706
