0,27.84,0.6,1,0
1,27.84,0.4,2,0
1,0,0.7,2,0
1,0,0.5,2,0
1,0,0.5,2,0
1,0,0.6,2,0
1,0,0.6,3,0
1,0,0.8,3,0
1,0,0.5,3,0
1,0,0.6,3,0
1,0,0.6,3,0
1,0,0.6,4,0
1,0,0.8,4,0
1,0,0.6,4,0
1,0,0.6,4,0
1,0,0.5,4,0
1,0,0.8,5,0
1,0,0.5,5,0
1,0,0.4,5,0
1,0,0.8,5,0
1,0,0.5,5,0
1,23.86,0.6,6,0
1,47.72,0.3,6,0
1,59.65,0.4,6,0
1,67.6,1,6,0
1,71.58,0.7,6,0
1,75.56,0.6,7,0
1,75.56,0.8,7,0
1,79.53,0.6,7,0
1,79.53,0.8,7,0
1,83.51,0.4,7,0
1,83.51,0.5,8,0
1,87.49,0.6,8,0
1,87.49,0.6,8,0
1,91.46,0.5,8,0
1,91.46,0.8,8,0
1,91.46,0.5,9,0
1,91.46,0.4,9,0
1,95.44,0.8,9,0
1,95.44,0.7,9,0
1,99.42,0.4,9,0
1,99.42,0.3,10,0
1,99.42,0.8,10,0
1,103.39,0.9,10,0
1,103.39,0.5,10,0
1,103.39,0.6,10,0
1,103.39,0.7,11,0
1,103.39,0.4,11,0
1,103.39,0.5,11,0
1,107.37,0.7,11,0
1,107.37,0.8,11,0
1,107.37,0.4,12,0
1,107.37,0.8,12,0
1,107.37,0.6,12,0
1,107.37,0.6,12,0
1,107.37,0.6,12,0
1,111.35,0.4,13,0
1,107.37,0.7,13,0
1,107.37,0.8,13,0
1,107.37,0.8,13,0
1,107.37,0.7,13,0
1,107.37,0.8,14,0
1,111.35,0.4,14,0
1,107.37,0.6,14,0
1,71.58,0.2,14,0
1,47.72,0.6,14,0
1,83.51,0.5,15,0
1,95.44,0.4,15,0
1,99.42,0.4,15,0
1,103.39,0.5,15,0
1,103.39,0.5,15,0
1,103.39,0.9,16,0
1,99.42,0.5,16,0
1,99.42,0.5,16,0
1,95.44,0.6,16,0
1,95.44,0.6,16,0
1,99.42,0.5,17,0
1,99.42,0.5,17,0
1,91.46,0.5,17,0
1,91.46,0.8,17,0
1,91.46,0.6,17,0
1,91.46,0.3,18,0
1,91.46,0.6,18,0
1,87.49,0.8,18,0
1,87.49,0.6,18,0
1,87.49,0.5,18,0
1,87.49,0.8,19,0
1,87.49,0.6,19,0
1,79.53,0.6,19,0
1,79.53,0.5,19,0
1,79.53,0.3,19,0
1,79.53,0.6,20,0
1,79.53,0.5,20,0
1,71.58,0.4,20,0
1,71.58,0.5,20,0
1,67.6,0.5,20,0
1,67.6,0.4,21,0
1,67.6,0.5,21,0
1,55.67,0.7,21,0
1,55.67,0.5,21,0
1,55.67,0.5,21,0
1,51.7,0.6,22,0
1,55.67,0.4,22,0
1,51.7,0.3,22,0
1,51.7,0.6,22,0
1,51.7,0.8,22,0
1,51.7,0.5,23,0
1,51.7,0.7,23,0
1,55.67,0.6,23,0
1,59.65,0.3,23,0
1,51.7,0.4,23,0
1,59.65,0.5,24,0
1,242.58,0,24,0
1,91.46,0.7,24,0
1,35.79,0.6,24,0
1,23.86,0.4,24,0
1,23.86,0.5,25,0
1,27.84,0.4,25,0
1,23.86,0.7,25,0
1,31.81,0.2,25,0
1,31.81,0.9,25,0
1,1153.24,-10.4,26,0
1,3698.33,-44.4,26,0
1,2803.57,-34.3,26,0
1,3244.99,-44.1,26,0
1,3392.12,-41.9,26,0
1,3392.12,-45.3,27,0
1,3396.1,-44.4,27,0
1,3368.26,-42.4,27,0
1,3380.19,-46.5,27,0
1,3384.17,-46,27,0
1,3380.19,-44.5,28,0
1,3376.22,-42.7,28,0
1,3368.26,-46.9,28,0
1,3372.24,-43.6,28,0
1,3372.24,-43.8,28,0
1,3392.12,-47,29,0
1,3392.12,-42.8,29,0
1,3376.22,-46.2,29,0
1,3435.87,-47.4,29,0
1,1053.83,-5.9,29,0
1,1968.47,-19.3,30,0
1,3757.98,-43.6,30,0
1,3360.31,-44,30,0
1,3479.61,-50.3,30,0
1,3507.45,-49.5,30,0
1,3535.29,-48.6,31,0
1,3547.22,-46.9,31,0
1,3543.24,-52.5,31,0
1,3551.19,-47,31,0
1,3559.15,-49.6,31,0
1,3583.01,-51,32,0
1,3586.98,-47.6,32,0
1,3575.05,-53.4,32,0
1,3583.01,-50.2,32,0
1,3586.98,-49.4,32,0
1,3602.89,-53.6,33,0
1,3598.91,-48.1,33,0
1,3571.08,-50.1,33,0
1,3571.08,-49.9,33,0
1,3571.08,-48.1,33,0
1,3579.03,-53.9,34,0
1,3579.03,-48.9,34,0
1,3555.17,-53.4,34,0
1,3555.17,-48.2,34,0
1,3555.17,-51.8,34,0
1,3555.17,-51.8,35,0
1,3555.17,-48.6,35,0
1,3535.29,-54.1,35,0
1,3531.31,-50.3,35,0
1,3523.36,-49.5,35,0
1,3531.31,-53.9,36,0
1,3523.36,-48.9,36,0
1,3491.54,-49.3,36,0
1,3380.19,-52.5,36,0
1,330.07,-0.4,36,0
1,111.35,0.2,37,0
1,1324.24,-14.2,37,0
1,2000.28,-21.9,37,0
1,2859.25,-34.8,37,0
1,2465.55,-28.7,37,0
1,1964.49,-22.6,38,0
1,2004.26,-22.2,38,0
1,1988.35,-22.7,38,0
1,1988.35,-21.3,38,0
1,1992.33,-23.3,38,0
1,1988.35,-22.7,39,0
1,1980.4,-21.2,39,0
1,1980.4,-23.3,39,0
1,906.69,-5.3,39,0
1,1690.1,-20.4,39,0
1,3221.13,-42,40,0
1,2481.46,-31.4,40,0
1,2632.57,-36.7,40,0
1,2588.83,-33.7,40,0
1,2580.88,-32.8,40,0
1,2580.88,-36,41,0
1,2572.92,-33.7,41,0
1,2553.04,-35.6,41,0
1,2545.09,-31.9,41,0
1,2553.04,-34,41,0
1,1984.37,-17.6,42,0
1,262.46,-0.4,42,0
1,1785.54,-32.4,42,0
1,2612.69,-38.2,42,0
1,2048,-21.3,42,0
1,2095.72,-27.7,43,0
1,2728.02,-40,43,0
1,3264.87,-50.1,43,0
1,3026.27,-50,43,0
1,2771.76,-33.3,43,0
1,2421.81,-33.1,44,0
1,2425.79,-33.7,44,0
1,2401.93,-30.8,44,0
1,2405.9,-33.2,44,0
1,2401.93,-33.2,44,0
1,2397.95,-30.2,45,0
1,2401.93,-32.9,45,0
1,2374.09,-31,45,0
1,2378.07,-33.9,45,0
1,2378.07,-33.3,45,0
1,2374.09,-32,46,0
1,2370.11,-30.3,46,0
1,2358.18,-33.1,46,0
1,2354.21,-32.5,46,0
1,2354.21,-32.6,46,0
1,2350.23,-30.2,47,0
1,2354.21,-32.2,47,0
1,2334.32,-33.6,47,0
1,2326.37,-30.6,47,0
1,2326.37,-31.5,47,0
1,2326.37,-33.5,48,0
1,2318.42,-30,48,0
1,2302.51,-31.1,48,0
1,2306.49,-33.3,48,0
1,2302.51,-30.2,48,0
1,2302.51,-32.2,49,0
1,2306.49,-33.3,49,0
1,2278.65,-30.1,49,0
1,2282.63,-31.4,49,0
1,2286.6,-33.7,49,0
1,2274.67,-30.5,50,0
1,2274.67,-30.8,50,0
1,2262.74,-32.9,50,0
1,2262.74,-32.4,50,0
1,2254.79,-31.4,50,0
1,2250.81,-29.9,51,0
1,2258.77,-32.8,51,0
1,2238.88,-32.9,51,0
1,2234.91,-30.3,51,0
1,2234.91,-31.8,51,0
1,2230.93,-30,52,0
1,2238.88,-31.7,52,0
1,2215.02,-32.8,52,0
1,2211.04,-30.2,52,0
1,2211.04,-31.1,52,0
1,2215.02,-33.1,53,0
1,2215.02,-32.6,53,0
1,2195.14,-31.7,53,0
1,2195.14,-30.4,53,0
1,2199.11,-31.4,53,0
1,2199.11,-32.7,54,0
1,2195.14,-30,54,0
1,2179.23,-31.6,54,0
1,2183.21,-32.6,54,0
1,2183.21,-32.8,54,0
1,2175.25,-31.3,55,0
1,2179.23,-33.2,55,0
1,2151.39,-30.4,55,0
1,2155.37,-31,55,0
1,2159.35,-32.9,55,0
1,2155.37,-30.5,56,0
1,2155.37,-30.4,56,0
1,2143.44,-32.4,56,0
1,2139.46,-31.4,56,0
1,2131.51,-30.2,56,0
1,2135.49,-31.7,57,0
1,2127.53,-30.4,57,0
1,2119.58,-32.5,57,0
1,2115.6,-30.8,57,0
1,2115.6,-30.3,57,0
1,2115.6,-30.2,58,0
1,2119.58,-31.1,58,0
1,2107.65,-32.5,58,0
1,2103.67,-31.3,58,0
1,2103.67,-32,58,0
1,2091.74,-30.3,59,0
1,2103.67,-31.6,59,0
1,2087.77,-32.3,59,0
1,2075.84,-30.8,59,0
1,2079.81,-31.5,59,0
1,2087.77,-32.3,60,0
1,2075.84,-30.8,60,0
1,2059.93,-31.2,60,0
1,2067.88,-32.7,60,0
1,2063.91,-31.3,60,0
1,2067.88,-31.5,61,0
1,2067.88,-32.6,61,0
1,2048,-31.6,61,0
1,2040.05,-31.1,61,0
1,2040.05,-31.8,61,0
1,2048,-31.6,62,0
1,2036.07,-31.3,62,0
1,2020.16,-31.4,62,0
1,2024.14,-31.7,62,0
1,2024.14,-32.1,62,0
1,2012.21,-31.4,63,0
1,2020.16,-31.4,63,0
1,2000.28,-31.8,63,0
1,1992.33,-31.2,63,0
1,2000.28,-31.8,63,0
1,1996.3,-31.5,64,0
1,2000.28,-31.5,64,0
1,1964.49,-31.1,64,0
1,1960.51,-31.5,64,0
1,1968.47,-31.7,64,0
1,1968.47,-32.1,65,0
1,1960.51,-31.2,65,0
1,1924.72,-31.2,65,0
1,1932.68,-31.4,65,0
1,1928.7,-31.4,65,0
1,1916.77,-31.1,66,0
1,1928.7,-31.5,66,0
1,1896.89,-31.5,66,0
1,1888.93,-31.3,66,0
1,1884.96,-31.4,66,0
1,1896.89,-31.3,67,0
1,1884.96,-31.5,67,0
1,1841.21,-31.2,67,0
1,1849.17,-31.7,67,0
1,1841.21,-31.2,67,0
1,1841.21,-31.4,68,0
1,1849.17,-31.4,68,0
1,1813.37,-31.4,68,0
1,1813.37,-31.7,68,0
1,1821.33,-31.5,68,0
1,1809.4,-31.5,69,0
1,1817.35,-31.3,69,0
1,1785.54,-31.1,69,0
1,1785.54,-31.2,69,0
1,1793.49,-31.4,69,0
1,1793.49,-31.7,70,0
1,1785.54,-31.1,70,0
1,1761.68,-31.5,70,0
1,1769.63,-31.3,70,0
1,1769.63,-31.5,70,0
1,1765.65,-31.3,71,0
1,1761.68,-31.6,71,0
1,1749.75,-31.8,71,0
1,1741.79,-31.6,71,0
1,1737.82,-31.3,71,0
1,1745.77,-31.8,72,0
1,1737.82,-31,72,0
1,1709.98,-31.5,72,0
1,1721.91,-31.6,72,0
1,1717.93,-31.1,72,0
1,1717.93,-30.9,73,0
1,1729.86,-32,73,0
1,1706,-32,73,0
1,1698.05,-31.1,73,0
1,1709.98,-31.9,73,0
1,1706,-31.8,74,0
1,1698.05,-31.4,74,0
1,1686.12,-32.4,74,0
1,1682.14,-31.9,74,0
1,1674.19,-31.1,74,0
1,1674.19,-31.1,75,0
1,1678.17,-31.5,75,0
1,1662.26,-31.8,75,0
1,1654.31,-30.4,75,0
1,1662.26,-31.7,75,0
1,1662.26,-31.6,76,0
1,1666.24,-32.2,76,0
1,1638.4,-30.8,76,0
1,1642.38,-31.8,76,0
1,1638.4,-30.8,76,0
1,1646.35,-32.1,77,0
1,1642.38,-31.7,77,0
1,1618.52,-31.1,77,0
1,1630.45,-32,77,0
1,1626.47,-31.9,77,0
1,1618.52,-30.3,78,0
1,1630.45,-31.8,78,0
1,1606.59,-31.6,78,0
1,1602.61,-30.9,78,0
1,1610.56,-32.4,78,0
1,1610.56,-32,79,0
1,1606.59,-31.8,79,0
1,1590.68,-31.9,79,0
1,1582.73,-31.3,79,0
1,1590.68,-32.2,79,0
1,1586.7,-31.5,80,0
1,1582.73,-31.1,80,0
1,1574.77,-32,80,0
1,1566.82,-31,80,0
1,1570.8,-31.2,80,0
1,1566.82,-31.3,81,0
1,1578.75,-32,81,0
1,1554.89,-31.2,81,0
1,1550.91,-31.2,81,0
1,1558.87,-32.2,81,0
1,1550.91,-31.5,82,0
1,1554.89,-32,82,0
1,1531.03,-30.8,82,0
1,1535.01,-31.9,82,0
1,1542.96,-32.6,82,0
1,1542.96,-32.2,83,0
1,1535.01,-30.9,83,0
1,1519.1,-31.8,83,0
1,1523.08,-31.8,83,0
1,1515.12,-30.8,83,0
1,1523.08,-32.3,84,0
1,1523.08,-31.8,84,0
1,1495.24,-30.8,84,0
1,1503.19,-32.4,84,0
1,1503.19,-31.9,84,0
1,1507.17,-31.9,85,0
1,1507.17,-32.3,85,0
1,1479.33,-31.1,85,0
1,1483.31,-31.6,85,0
1,1487.29,-32.4,85,0
1,1479.33,-30.5,86,0
1,1487.29,-32.1,86,0
1,1467.4,-31.2,86,0
1,1463.43,-31.1,86,0
1,1467.4,-32.5,86,0
1,1459.45,-30.6,87,0
1,1463.43,-31,87,0
1,1451.5,-32.6,87,0
1,1451.5,-31.5,87,0
1,1447.52,-30.9,87,0
1,1455.47,-32.7,88,0
1,1451.5,-32.6,88,0
1,1435.59,-32.2,88,0
1,1439.57,-32.2,88,0
1,1431.61,-30.9,88,0
1,1431.61,-31.5,89,0
1,1435.59,-32.7,89,0
1,1411.73,-31.1,89,0
1,1411.73,-31.4,89,0
1,1419.68,-32.5,89,0
1,1415.7,-31.3,90,0
1,1415.7,-31.9,90,0
1,1407.75,-32.5,90,0
1,1399.8,-31.1,90,0
1,1399.8,-31.9,90,0
1,1407.75,-32.6,91,0
1,1403.77,-31.9,91,0
1,1379.91,-30.5,91,0
1,1387.87,-32.5,91,0
1,1383.89,-31.7,91,0
1,1379.91,-31,92,0
1,1391.84,-32.7,92,0
1,1367.98,-31.7,92,0
1,1371.96,-31.9,92,0
1,1367.98,-31.5,92,0
1,1375.94,-32.5,93,0
1,1371.96,-31.4,93,0
1,1356.05,-31.9,93,0
1,1360.03,-32.9,93,0
1,1352.08,-31.2,93,0
1,1360.03,-32.8,94,0
1,1352.08,-31.6,94,0
1,1344.12,-33,94,0
1,1340.15,-31.3,94,0
1,1340.15,-32.1,94,0
1,1348.1,-32.6,95,0
1,1348.1,-32.9,95,0
1,1324.24,-30.9,95,0
1,1320.26,-32,95,0
1,1328.22,-32.7,95,0
1,1320.26,-31.4,96,0
1,1320.26,-31.3,96,0
1,1312.31,-33,96,0
1,1312.31,-32.7,96,0
1,1308.33,-32,96,0
1,1300.38,-31.3,97,0
1,1304.36,-31.5,97,0
1,1292.43,-32.3,97,0
1,1300.38,-33,97,0
1,1288.45,-31.2,97,0
1,1292.43,-32.2,98,0
1,1296.4,-32.6,98,0
1,1268.57,-31.3,98,0
1,1272.54,-32.4,98,0
1,1276.52,-32.5,98,0
1,1268.57,-31,99,0
1,1280.5,-33,99,0
1,1264.59,-32.6,99,0
1,1264.59,-32.4,99,0
1,1256.64,-31,99,0
1,1268.57,-32.8,100,0
1,1264.59,-32.3,100,0
1,1244.71,-31.4,100,0
1,1244.71,-32.3,100,0
1,1252.66,-33,100,0
1,1240.73,-31.3,101,0
1,1244.71,-32.4,101,0
1,1232.78,-32.8,101,0
1,1224.82,-31.5,101,0
1,1232.78,-32.8,101,0
1,1236.75,-32.3,102,0
1,1228.8,-31.7,102,0
1,1224.82,-32.7,102,0
1,1220.85,-32.8,102,0
1,1216.87,-31.3,102,0
1,1220.85,-32.6,103,0
1,1220.85,-32.7,103,0
1,1200.96,-31.6,103,0
1,1208.92,-32.8,103,0
1,1204.94,-32.2,103,0
1,1196.99,-31.4,104,0
1,1204.94,-31.6,104,0
1,1189.03,-32,104,0
1,1196.99,-33.2,104,0
1,1193.01,-31.9,104,0
1,1189.03,-32.1,105,0
1,1196.99,-33,105,0
1,1177.1,-32.4,105,0
1,1169.15,-31.9,105,0
1,1181.08,-32.8,105,0
1,1177.1,-32.2,106,0
1,1173.13,-31.7,106,0
1,1157.22,-31.8,106,0
1,1165.17,-32.6,106,0
1,1169.15,-32.6,106,0
1,1157.22,-31.7,107,0
1,1165.17,-32.7,107,0
1,1149.27,-32.3,107,0
1,1157.22,-32.8,107,0
1,1145.29,-31.7,107,0
1,1149.27,-32.7,108,0
1,1145.29,-31.6,108,0
1,1137.34,-32.7,108,0
1,1137.34,-32.6,108,0
1,1129.38,-31.9,108,0
1,1141.31,-32.9,109,0
1,1141.31,-32.9,109,0
1,1129.38,-32.7,109,0
1,1125.41,-32,109,0
1,1117.45,-31.9,109,0
1,1129.38,-32.8,110,0
1,1125.41,-32.6,110,0
1,1105.52,-31.9,110,0
1,1109.5,-32.6,110,0
1,1117.45,-32.5,110,0
1,1109.5,-32,111,0
1,1109.5,-32.4,111,0
1,1097.57,-32.4,111,0
1,1105.52,-32.6,111,0
1,1097.57,-32.6,111,0
1,1105.52,-32.6,112,0
1,1101.55,-32.3,112,0
1,1093.59,-32.4,112,0
1,1085.64,-32.3,112,0
1,1081.66,-32.3,112,0
1,1089.62,-32.8,113,0
1,1089.62,-32.8,113,0
1,1069.73,-32.5,113,0
1,1081.66,-32.3,113,0
1,1085.64,-32.8,113,0
1,1077.69,-32.6,114,0
1,1077.69,-32.7,114,0
1,1077.69,-32.9,114,0
1,1069.73,-32.4,114,0
1,1061.78,-32.5,114,0
1,1069.73,-32.4,115,0
1,1073.71,-32.8,115,0
1,1053.83,-32.5,115,0
1,1061.78,-32.5,115,0
1,1057.8,-32.3,115,0
1,1061.78,-32.6,116,0
1,1069.73,-32.9,116,0
1,1057.8,-32.9,116,0
1,1049.85,-32.7,116,0
1,1057.8,-32.5,116,0
1,1061.78,-32.7,117,0
1,1049.85,-32.3,117,0
1,1041.9,-32.5,117,0
1,1053.83,-32.9,117,0
1,1045.87,-32.7,117,0
1,1041.9,-32.4,118,0
1,1049.85,-32.7,118,0
1,1041.9,-32.4,118,0
1,1053.83,-32.3,118,0
1,1045.87,-32.9,118,0
1,1041.9,-32.5,119,0
1,1049.85,-32.7,119,0
1,1041.9,-32.8,119,0
1,1037.92,-32.4,119,0
1,1041.9,-32.5,119,0
1,1045.87,-32.6,120,0
1,1037.92,-32.6,120,0
1,1033.94,-32.6,120,0
1,1041.9,-32.4,120,0
1,1041.9,-32.6,120,0
1,1033.94,-32.6,121,0
1,1037.92,-32.8,121,0
1,1029.97,-32.8,121,0
1,1033.94,-32.2,121,0
1,1041.9,-32.9,121,0
1,1033.94,-32.7,122,0
1,1029.97,-32.8,122,0
1,1033.94,-32.7,122,0
1,1037.92,-32.8,122,0
1,1029.97,-32.3,122,0
1,1029.97,-32.7,123,0
1,1029.97,-32.9,123,0
1,1029.97,-32.6,123,0
1,1029.97,-32.9,123,0
1,1037.92,-33,123,0
1,1037.92,-32.8,124,0
1,1029.97,-32.6,124,0
1,1029.97,-32.6,124,0
1,1022.01,-32.5,124,0
1,1029.97,-33.1,124,0
1,1033.94,-32.9,125,0
1,1022.01,-32.9,125,0
1,1018.04,-32.8,125,0
1,1029.97,-32.6,125,0
1,1022.01,-32.4,125,0
1,1022.01,-32.9,126,0
1,1029.97,-32.6,126,0
1,1022.01,-32.9,126,0
1,1014.06,-32.6,126,0
1,1018.04,-32.8,126,0
1,1010.08,-32.9,127,0
1,1018.04,-33,127,0
1,1006.1,-32.3,127,0
1,1002.13,-32.2,127,0
1,1014.06,-32.9,127,0
1,1018.04,-33,128,0
1,1006.1,-32.4,128,0
1,1006.1,-32.9,128,0
1,1010.08,-33.4,128,0
1,1006.1,-32.8,128,0
1,998.15,-32.6,129,0
1,1006.1,-32.9,129,0
1,998.15,-33,129,0
1,990.2,-32.6,129,0
1,990.2,-32.7,129,0
1,998.15,-33.1,130,0
1,994.17,-32.7,130,0
1,982.24,-32.9,130,0
1,982.24,-32.9,130,0
1,994.17,-33.2,130,0
1,990.2,-32.9,131,0
1,982.24,-32.7,131,0
1,978.27,-32.8,131,0
1,970.31,-31.9,131,0
1,978.27,-33.3,131,0
1,982.24,-32.5,132,0
1,974.29,-32.1,132,0
1,962.36,-32.4,132,0
1,970.31,-33.1,132,0
1,970.31,-33.1,132,0
1,962.36,-32,133,0
1,966.34,-32.7,133,0
1,962.36,-34,133,0
1,958.38,-33.1,133,0
1,958.38,-32.9,133,0
1,950.43,-32,134,0
1,954.41,-32.9,134,0
1,946.45,-33.8,134,0
1,942.48,-32.5,134,0
1,946.45,-33.2,134,0
1,938.5,-32,135,0
1,942.48,-32.3,135,0
1,938.5,-33.9,135,0
1,934.52,-33,135,0
1,938.5,-33.8,135,0
1,930.55,-32.3,136,0
1,930.55,-32.4,136,0
1,922.59,-34.5,136,0
1,918.62,-32.1,136,0
1,922.59,-33.5,136,0
1,922.59,-32.9,137,0
1,914.64,-31.9,137,0
1,910.66,-32.6,137,0
1,914.64,-34,137,0
1,906.69,-31.7,137,0
1,910.66,-32.1,138,0
1,914.64,-34.7,138,0
1,898.73,-31.8,138,0
1,894.76,-31.4,138,0
1,894.76,-31.8,138,0
1,894.76,-31.8,139,0
1,898.73,-34.5,139,0
1,886.8,-33.2,139,0
1,882.83,-31.3,139,0
1,890.78,-34.5,139,0
1,890.78,-33.8,140,0
1,882.83,-31.5,140,0
1,874.87,-31.7,140,0
1,878.85,-34.8,140,0
1,874.87,-32,140,0
1,870.9,-31.1,141,0
1,874.87,-34.3,141,0
1,866.92,-33.8,141,0
1,858.97,-31.6,141,0
1,862.94,-31.9,141,0
1,866.92,-35.1,142,0
1,862.94,-31.5,142,0
1,847.04,-31.2,142,0
1,854.99,-34.6,142,0
1,854.99,-34.5,142,0
1,847.04,-31.4,143,0
1,851.01,-32.5,143,0
1,843.06,-35.1,143,0
1,839.08,-32.1,143,0
1,843.06,-33.5,143,0
1,835.11,-31.1,144,0
1,835.11,-31.9,144,0
1,831.13,-35.1,144,0
1,831.13,-34.3,144,0
1,827.15,-31,144,0
1,827.15,-31.4,145,0
1,831.13,-33.8,145,0
1,819.2,-34.4,145,0
1,819.2,-35,145,0
1,819.2,-34.7,145,0
1,815.22,-31.5,146,0
1,811.25,-31,146,0
1,807.27,-34,146,0
1,803.29,-31.3,146,0
1,807.27,-33.7,146,0
1,807.27,-32.8,147,0
1,799.32,-30.5,147,0
1,791.36,-33.7,147,0
1,795.34,-34.6,147,0
1,795.34,-35,147,0
1,791.36,-31.4,148,0
1,787.39,-31.1,148,0
1,783.41,-34.6,148,0
1,779.43,-31,148,0
1,783.41,-35.3,148,0
1,779.43,-32.4,149,0
1,775.46,-31.3,149,0
1,771.48,-35.4,149,0
1,767.5,-30.9,149,0
1,767.5,-32,149,0
1,771.48,-35.2,150,0
1,763.53,-30.7,150,0
1,755.57,-33.6,150,0
1,751.6,-31.5,150,0
1,755.57,-35.6,150,0
1,751.6,-30.9,151,0
1,755.57,-32.2,151,0
1,747.62,-35.5,151,0
1,747.62,-35.2,151,0
1,747.62,-34.3,151,0
1,747.62,-34.4,152,0
1,743.64,-30.7,152,0
1,735.69,-35,152,0
1,735.69,-33.5,152,0
1,731.71,-31,152,0
1,735.69,-35.7,153,0
1,735.69,-31.9,153,0
1,719.78,-31.3,153,0
1,723.76,-35.1,153,0
1,719.78,-30.7,153,0
1,723.76,-35.1,154,0
1,723.76,-32.7,154,0
1,711.83,-31.2,154,0
1,715.81,-35.2,154,0
1,711.83,-31.1,154,0
1,715.81,-32.2,155,0
1,715.81,-35.8,155,0
1,699.9,-31,155,0
1,703.88,-33,155,0
1,703.88,-35.2,155,0
1,703.88,-35.6,156,0
1,699.9,-31.2,156,0
1,691.95,-32.2,156,0
1,695.92,-34.6,156,0
1,691.95,-30.8,156,0
1,691.95,-34.2,157,0
1,691.95,-34.4,157,0
1,680.02,-30.7,157,0
1,683.99,-35.3,157,0
1,683.99,-34.2,157,0
1,683.99,-34.2,158,0
1,680.02,-30.7,158,0
1,672.06,-32.8,158,0
1,668.09,-31.3,158,0
1,672.06,-35.9,158,0
1,672.06,-31.6,159,0
1,672.06,-32.5,159,0
1,664.11,-35.8,159,0
1,660.13,-30.9,159,0
1,664.11,-35.5,159,0
1,660.13,-33.5,160,0
1,664.11,-35.1,160,0
1,648.2,-30.9,160,0
1,652.18,-35.1,160,0
1,648.2,-32.1,160,0
1,652.18,-35.2,161,0
1,648.2,-30.5,161,0
1,640.25,-34,161,0
1,640.25,-34.4,161,0
1,636.27,-30.9,161,0
1,640.25,-35.1,162,0
1,640.25,-33.3,162,0
1,628.32,-36.1,162,0
1,628.32,-33.2,162,0
1,624.34,-30.8,162,0
1,628.32,-33.3,163,0
1,632.3,-36.3,163,0
1,620.37,-33.2,163,0
1,616.39,-31.3,163,0
1,620.37,-33,163,0
1,620.37,-34.5,164,0
1,616.39,-30.6,164,0
1,608.43,-32,164,0
1,608.43,-35.8,164,0
1,608.43,-34.7,164,0
1,608.43,-31.4,165,0
1,608.43,-31.9,165,0
1,600.48,-36.1,165,0
1,600.48,-34.3,165,0
1,596.5,-31,165,0
1,600.48,-34.5,166,0
1,600.48,-36.3,166,0
1,588.55,-34.8,166,0
1,592.53,-35.8,166,0
1,588.55,-35.9,166,0
1,588.55,-34.9,167,0
1,584.57,-31.4,167,0
1,576.62,-33.1,167,0
1,580.6,-36.6,167,0
1,580.6,-34.4,167,0
1,584.57,-36.3,168,0
1,580.6,-33.9,168,0
1,568.67,-31.3,168,0
1,568.67,-34.6,168,0
1,572.64,-36.5,168,0
1,572.64,-33,169,0
1,568.67,-31.1,169,0
1,556.74,-33.2,169,0
1,560.71,-36.8,169,0
1,560.71,-31.8,169,0
1,560.71,-36.8,170,0
1,556.74,-33.3,170,0
1,552.76,-36.5,170,0
1,548.78,-34.2,170,0
1,548.78,-31.7,170,0
1,548.78,-34.4,171,0
1,552.76,-36.9,171,0
1,540.83,-33.9,171,0
1,540.83,-31.1,171,0
1,536.85,-33,171,0
1,540.83,-36.6,172,0
1,540.83,-35.3,172,0
1,532.88,-36.3,172,0
1,528.9,-32.3,172,0
1,532.88,-36.5,172,0
1,528.9,-33.5,173,0
1,528.9,-31.4,173,0
1,520.95,-35.6,173,0
1,520.95,-36,173,0
1,520.95,-32.1,173,0
1,516.97,-31.7,174,0
1,516.97,-30.9,174,0
1,509.02,-33,174,0
1,512.99,-36.3,174,0
1,512.99,-35.1,174,0
1,509.02,-31.1,175,0
1,509.02,-33.4,175,0
1,505.04,-37.1,175,0
1,501.06,-34.4,175,0
1,505.04,-36.7,175,0
1,501.06,-33.8,176,0
1,501.06,-36.7,176,0
1,493.11,-33.2,176,0
1,489.13,-31,176,0
1,493.11,-35.7,176,0
1,493.11,-36.7,177,0
1,493.11,-33.2,177,0
1,481.18,-31.1,177,0
1,481.18,-32.9,177,0
1,485.16,-36.4,177,0
1,485.16,-36.5,178,0
1,485.16,-34.9,178,0
1,477.2,-37,178,0
1,473.23,-32.4,178,0
1,477.2,-37.1,178,0
1,473.23,-32.3,179,0
1,469.25,-31.4,179,0
1,465.27,-35.1,179,0
1,465.27,-36.7,179,0
1,461.3,-31.7,179,0
1,461.3,-32.5,180,0
1,461.3,-31.3,180,0
1,457.32,-35.3,180,0
1,457.32,-37,180,0
1,453.34,-32.9,180,0
1,453.34,-31.5,181,0
1,457.32,-36.5,181,0
1,445.39,-34,181,0
1,445.39,-31.4,181,0
1,449.37,-33.3,181,0
1,449.37,-37.2,182,0
1,449.37,-33.4,182,0
1,437.44,-31.4,182,0
1,441.41,-34.6,182,0
1,441.41,-37.3,182,0
1,437.44,-33.7,183,0
1,437.44,-31.6,183,0
1,429.48,-36,183,0
1,429.48,-36.9,183,0
1,429.48,-33.3,183,0
1,425.51,-32.7,184,0
1,429.48,-36.8,184,0
1,421.53,-36.3,184,0
1,421.53,-36,184,0
1,417.55,-31.5,184,0
1,421.53,-34.1,185,0
1,417.55,-33.6,185,0
1,413.58,-36.6,185,0
1,409.6,-31.3,185,0
1,413.58,-37.5,185,0
1,413.58,-35.6,186,0
1,413.58,-33.1,186,0
1,127.25,-6.3,186,0
1,178.95,-7.8,186,0
1,369.83,-34.6,186,0
1,477.2,-49.4,187,0
1,497.09,-44.7,187,0
1,505.04,-52.8,187,0
1,433.46,-37.7,187,0
1,433.46,-40.4,187,0
1,433.46,-39.5,188,0
1,437.44,-42.4,188,0
1,425.51,-40.5,188,0
1,425.51,-37.9,188,0
1,425.51,-41.4,188,0
1,421.53,-37.4,189,0
1,425.51,-43.8,189,0
1,413.58,-37,189,0
1,417.55,-44.1,189,0
1,413.58,-36.7,189,0
1,413.58,-36.5,190,0
1,417.55,-43.6,190,0
1,405.62,-36.9,190,0
1,405.62,-42.4,190,0
1,405.62,-39.8,190,0
1,405.62,-40.4,191,0
1,405.62,-41.1,191,0
1,397.67,-41,191,0
1,393.69,-37.8,191,0
1,397.67,-41.7,191,0
1,393.69,-39.4,192,0
1,397.67,-42.4,192,0
1,385.74,-39.6,192,0
1,385.74,-39.9,192,0
1,385.74,-39.8,192,0
1,385.74,-39.7,193,0
1,385.74,-39.1,193,0
1,377.79,-40.7,193,0
1,377.79,-38.2,193,0
1,377.79,-41.9,193,0
1,377.79,-40.6,194,0
1,377.79,-39.2,194,0
1,369.83,-41.6,194,0
1,369.83,-40.8,194,0
1,369.83,-40.9,194,0
1,369.83,-41.3,195,0
1,369.83,-40.4,195,0
1,361.88,-41.6,195,0
1,361.88,-39.8,195,0
1,357.9,-41.9,195,0
1,361.88,-40.1,196,0
1,357.9,-41.4,196,0
1,349.95,-41.9,196,0
1,349.95,-37.9,196,0
1,353.93,-42,196,0
1,353.93,-42.1,197,0
1,349.95,-38.5,197,0
1,342,-43.5,197,0
1,342,-37.4,197,0
1,342,-38.7,197,0
1,342,-42.7,198,0
1,342,-40.2,198,0
1,334.04,-40.9,198,0
1,334.04,-39.4,198,0
1,334.04,-39.4,198,0
1,334.04,-40.5,199,0
1,334.04,-41.2,199,0
1,326.09,-39,199,0
1,326.09,-40.9,199,0
1,326.09,-39.3,199,0
1,326.09,-41.3,200,0
1,326.09,-40.8,200,0
1,318.14,-43,200,0
1,314.16,-37.1,200,0
1,318.14,-43.2,200,0
1,314.16,-37.2,201,0
1,318.14,-42.9,201,0
1,306.21,-37.9,201,0
1,310.18,-44.4,201,0
1,310.18,-42.9,201,0
1,306.21,-37.5,202,0
1,310.18,-44,202,0
1,298.25,-37.9,202,0
1,302.23,-44.1,202,0
1,298.25,-36.6,202,0
1,298.25,-36.7,203,0
1,302.23,-44,203,0
1,290.3,-38,203,0
1,294.28,-41.6,203,0
1,290.3,-37.9,203,0
1,290.3,-42.2,204,0
1,290.3,-39.6,204,0
1,282.35,-40.7,204,0
1,282.35,-38.7,204,0
1,282.35,-42.7,204,0
1,286.32,-40.9,205,0
1,282.35,-40.5,205,0
1,274.39,-40.3,205,0
1,274.39,-40.7,205,0
1,274.39,-40.6,205,0
1,274.39,-41.5,206,0
1,278.37,-42,206,0
1,266.44,-38.6,206,0
1,270.42,-42.6,206,0
1,266.44,-37,206,0
1,270.42,-44.4,207,0
1,266.44,-36.9,207,0
1,262.46,-44.4,207,0
1,258.49,-37.4,207,0
1,262.46,-44.4,207,0
1,258.49,-36.8,208,0
1,262.46,-44.2,208,0
1,250.53,-36.7,208,0
1,250.53,-36.7,208,0
1,254.51,-44,208,0
1,250.53,-37.1,209,0
1,250.53,-37.2,209,0
1,246.56,-44.2,209,0
1,246.56,-44.1,209,0
1,242.58,-36.7,209,0
1,246.56,-44.5,210,0
1,242.58,-37.1,210,0
1,238.6,-43.8,210,0
1,234.63,-39.5,210,0
1,238.6,-41.3,210,0
1,234.63,-37.8,211,0
1,238.6,-43.2,211,0
1,226.67,-37.7,211,0
1,230.65,-43.6,211,0
1,226.67,-37.1,211,0
1,230.65,-43.9,212,0
1,230.65,-43.7,212,0
1,218.72,-36.7,212,0
1,218.72,-37.2,212,0
1,222.7,-44.4,212,0
1,218.72,-36.8,213,0
1,222.7,-44.4,213,0
1,214.74,-37.2,213,0
1,214.74,-36.9,213,0
1,214.74,-43.9,213,0
1,214.74,-38.1,214,0
1,214.74,-42.2,214,0
1,206.79,-39.8,214,0
1,206.79,-43,214,0
1,206.79,-39,214,0
1,206.79,-41.8,215,0
1,206.79,-42.6,215,0
1,174.97,-25.1,215,0
1,202.81,-42.6,215,0
1,198.83,-39.9,215,0
1,198.83,-42.6,216,0
1,190.88,-32.1,216,0
1,318.14,-97.9,216,0
1,310.18,-81,216,0
1,310.18,-77.9,216,0
1,314.16,-94.3,217,0
1,310.18,-78.5,217,0
1,302.23,-94.5,217,0
1,302.23,-94.8,217,0
1,298.25,-77.9,217,0
1,302.23,-95.1,218,0
1,302.23,-95.1,218,0
1,286.32,-78.4,218,0
1,290.3,-95,218,0
1,286.32,-79.3,218,0
1,290.3,-95.2,219,0
1,286.32,-78.2,219,0
1,278.37,-94.8,219,0
1,274.39,-78.1,219,0
1,278.37,-94.4,219,0
1,274.39,-77.8,220,0
1,278.37,-94.9,220,0
1,262.46,-78.4,220,0
1,270.42,-94,220,0
1,266.44,-85.7,220,0
1,266.44,-87.4,221,0
1,266.44,-90.8,221,0
1,254.51,-90.6,221,0
1,254.51,-82.1,221,0
1,258.49,-91.1,221,0
1,254.51,-81.9,222,0
1,210.77,-62.8,222,0
1,163.04,-40.1,222,0
1,163.04,-48.5,222,0
1,159.07,-40.3,222,0
1,163.04,-48.4,223,0
1,159.07,-40.4,223,0
1,159.07,-48,223,0
1,155.09,-40.3,223,0
1,159.07,-47.7,223,0
1,155.09,-40.4,224,0
1,155.09,-40.9,224,0
1,151.11,-47.5,224,0
1,147.14,-40.4,224,0
1,147.14,-43.7,224,0
1,151.11,-44.9,225,0
1,147.14,-42.4,225,0
1,143.16,-40.2,225,0
1,143.16,-47.3,225,0
1,143.16,-41.4,225,0
1,143.16,-46.3,226,0
1,143.16,-42.3,226,0
1,139.18,-47.3,226,0
1,135.21,-40.9,226,0
1,135.21,-46.6,226,0
1,135.21,-41.7,227,0
1,135.21,-43.1,227,0
1,131.23,-44.4,227,0
1,131.23,-44,227,0
1,131.23,-46.7,227,0
1,131.23,-42.2,228,0
1,131.23,-45.8,228,0
1,123.28,-43.1,228,0
1,123.28,-44.4,228,0
1,123.28,-45.5,228,0
1,127.25,-43,229,0
1,123.28,-44.2,229,0
1,119.3,-43.1,229,0
1,119.3,-44.4,229,0
1,119.3,-42.8,229,0
1,119.3,-45,230,0
1,119.3,-43.8,230,0
1,111.35,-43.9,230,0
1,115.32,-44.1,230,0
1,115.32,-44,230,0
1,115.32,-43.7,231,0
1,111.35,-44.1,231,0
1,107.37,-43.4,231,0
1,107.37,-44.8,231,0
1,107.37,-42.2,231,0
1,107.37,-45.8,232,0
1,107.37,-41.4,232,0
1,103.39,-47.2,232,0
1,103.39,-39.9,232,0
1,103.39,-48,232,0
1,103.39,-45.8,233,0
1,99.42,-41.7,233,0
1,99.42,-45.4,233,0
1,95.44,-42.9,233,0
1,99.42,-43.6,233,0
1,95.44,-46.6,234,0
1,95.44,-40.8,234,0
1,91.46,-46.9,234,0
1,91.46,-41.4,234,0
1,91.46,-46.9,234,0
1,91.46,-39.9,235,0
1,91.46,-47.9,235,0
1,87.49,-40.3,235,0
1,87.49,-47.8,235,0
1,87.49,-40.3,235,0
1,87.49,-48.3,236,0
1,87.49,-39.7,236,0
1,79.53,-39.5,236,0
1,83.51,-48.1,236,0
1,79.53,-39.6,236,0
1,79.53,-42.9,237,0
1,83.51,-44.7,237,0
1,79.53,-44.7,237,0
1,75.56,-42.9,237,0
1,79.53,-41.7,237,0
1,79.53,-46.1,238,0
1,79.53,-40.9,238,0
1,75.56,-46.5,238,0
1,71.58,-39.7,238,0
1,75.56,-48.3,238,0
1,71.58,-40,239,0
1,75.56,-48.1,239,0
1,67.6,-48.3,239,0
1,67.6,-39.6,239,0
1,67.6,-48.5,239,0
1,67.6,-39.9,240,0
1,71.58,-48.4,240,0
1,63.63,-39.5,240,0
1,63.63,-47.5,240,0
1,63.63,-40.9,240,0
1,63.63,-39.9,241,0
1,67.6,-47.1,241,0
1,63.63,-48.2,241,0
1,59.65,-39.8,241,0
1,63.63,-47.8,241,0
1,59.65,-40.1,242,0
1,63.63,-47.9,242,0
1,59.65,-48.2,242,0
1,51.7,-39.4,242,0
1,59.65,-47.9,242,0
1,51.7,-39.4,243,0
1,59.65,-48.2,243,0
1,47.72,-40.8,243,0
1,55.67,-45.6,243,0
1,51.7,-42.5,243,0
1,51.7,-43.2,244,0
1,51.7,-46,244,0
1,47.72,-40.4,244,0
1,47.72,-48.2,244,0
1,47.72,-40.8,244,0
1,47.72,-45.2,245,0
1,47.72,-42.3,245,0
1,43.74,-42.2,245,0
1,43.74,-41,245,0
1,47.72,-46.9,245,0
1,43.74,-39.7,246,0
1,47.72,-48.1,246,0
1,39.77,-39.5,246,0
1,43.74,-47.9,246,0
1,39.77,-40.1,246,0
1,43.74,-47.5,247,0
1,39.77,-42.4,247,0
1,39.77,-44.4,247,0
1,35.79,-43.3,247,0
1,39.77,-43.3,247,0
1,35.79,-44.7,248,0
1,39.77,-42,248,0
1,31.81,-40,248,0
1,35.79,-47.9,248,0
1,31.81,-39.4,248,0
1,35.79,-48.3,249,0
1,35.79,-44.3,249,0
1,27.84,-44.4,249,0
1,27.84,-45.4,249,0
1,27.84,-41.3,249,0
1,31.81,-46.8,250,0
1,31.81,-39.5,250,0
1,27.84,-47.8,250,0
1,23.86,-41,250,0
1,27.84,-44.5,250,0
1,27.84,-43.7,251,0
1,27.84,-42,251,0
1,23.86,-41.8,251,0
1,23.86,-46.7,251,0
1,19.88,-39.8,251,0
1,27.84,-47.9,252,0
1,19.88,-40.2,252,0
1,19.88,-45.4,252,0
1,19.88,-42.7,252,0
1,23.86,-41.6,252,0
1,19.88,-46.5,253,0
1,23.86,-48,253,0
1,15.91,-40.1,253,0
1,19.88,-46.5,253,0
1,19.88,-46.5,253,0
1,15.91,-41.3,254,0
1,19.88,-42.8,254,0
1,15.91,-43.6,254,0
1,15.91,-44.4,254,0
1,15.91,-42,254,0
1,15.91,-46,255,100
1,15.91,-39.4,255,100
1,11.93,-47.7,255,100
1,11.93,-39.8,255,100
1,11.93,-46.2,255,100
1,11.93,-41.8,1,0
1,11.93,-41.7,1,0
1,3825.58,-43.2,1,0
1,3817.63,-39.6,1,0
1,3821.61,-42.5,1,0
1,3821.61,-40.6,2,0
1,3817.63,-40.9,2,0
1,3817.63,-39.3,2,0
1,3817.63,-39.2,2,0
1,3817.63,-40,2,0
1,3829.56,-43.3,3,0
1,3817.63,-39.3,3,0
1,3813.65,-43.4,3,0
1,3805.7,-39.5,3,0
1,3809.68,-42.8,3,0
1,3805.7,-42.1,4,0
1,3801.72,-40,4,0
1,3785.82,-43.4,4,0
1,3777.86,-39.1,4,0
1,3789.79,-43.7,4,0
1,3781.84,-39.2,5,0
1,3789.79,-42.9,5,0
1,3773.89,-41.7,5,0
1,3773.89,-41.5,5,0
1,3765.93,-41.2,5,0
1,3777.86,-42.8,6,0
1,3773.89,-43.4,6,0
1,3777.86,-40.3,6,0
1,3777.86,-43,6,0
1,3837.51,-42,6,0
1,3829.56,-43,7,0
1,4068.16,-44.2,7,0
1,4068.16,-52.9,7,0
1,4068.16,-42.6,7,0
1,4068.16,-54,7,0
1,4068.16,-43.4,8,0
1,4068.16,-52.1,8,0
1,4068.16,-46.2,8,0
1,4068.16,-49.3,8,0
1,4068.16,-46.2,8,0
1,4068.16,-54.3,9,0
1,4068.16,-43.1,9,0
1,4068.16,-54,9,0
1,4068.16,-45.2,9,0
1,4068.16,-50.9,9,0
1,4068.16,-49.4,10,0
1,4068.16,-44,10,0
1,4068.16,-44.3,10,0
1,4068.16,-52.7,10,0
1,4068.16,-48.5,10,0
1,4068.16,-53.8,11,0
1,4068.16,-44.1,11,0
1,4068.16,-55.5,11,0
1,4068.16,-55.5,11,0
1,4068.16,-44.9,11,0
1,4068.16,-53,12,0
1,4068.16,-52.1,12,0
1,4068.16,-46.2,12,0
1,4068.16,-55.9,12,0
1,4068.16,-44.5,12,0
1,4068.16,-54.4,13,0
1,4068.16,-47.9,13,0
1,4068.16,-50,13,0
1,4068.16,-54,13,0
1,4068.16,-45.1,13,0
1,4068.16,-56.3,14,0
1,4068.16,-45.9,14,0
1,4068.16,-50.8,14,0
1,4068.16,-55.3,14,0
1,4068.16,-45.2,14,0
1,4068.16,-45.3,15,0
1,4068.16,-54.7,15,0
1,4068.16,-49.5,15,0
1,4068.16,-50.4,15,0
1,4068.16,-54.7,15,0
1,4068.16,-46,16,0
1,4068.16,-57.3,16,0
1,4068.16,-46.9,16,0
1,4068.16,-55,16,0
1,4068.16,-51.3,16,0
1,4068.16,-50.3,17,0
1,4068.16,-56.4,17,0
1,4068.16,-46.8,17,0
1,4068.16,-46.7,17,0
1,4068.16,-57.6,17,0
1,4068.16,-49.9,18,0
1,4068.16,-54.8,18,0
1,4068.16,-49.5,18,0
1,4068.16,-58.9,18,0
1,4068.16,-59,18,0
1,4068.16,-49.3,19,0
1,4068.16,-53.8,19,0
1,4068.16,-56.2,19,0
1,4068.16,-48.4,19,0
1,4068.16,-58.2,19,0
1,4068.16,-47.6,20,0
1,4068.16,-59.1,20,0
1,4068.16,-49.6,20,0
1,4068.16,-50.5,20,0
1,4068.16,-54.2,20,0
1,4068.16,-56.3,21,0
1,4068.16,-49.6,21,0
1,4068.16,-60.2,21,0
1,4068.16,-48.3,21,0
1,4068.16,-59.5,21,0
1,4068.16,-54.4,22,0
1,4068.16,-52.1,22,0
1,4068.16,-59.2,22,0
1,4068.16,-61,22,0
1,4068.16,-60.3,22,0
1,4068.16,-53.9,23,0
1,4068.16,-53.2,23,0
1,4068.16,-61,23,0
1,4068.16,-60.7,23,0
1,4068.16,-54.6,23,0
1,4068.16,-50.2,24,0
1,4068.16,-59.9,24,0
1,4068.16,-52.5,24,0
1,4068.16,-51.9,24,0
1,4068.16,-61.6,24,0
1,4068.16,-54.4,25,0
1,4068.16,-50.7,25,0
1,4068.16,-61.4,25,0
1,4068.16,-56.1,25,0
1,4068.16,-50.4,25,0
1,4068.16,-60.6,26,0
1,4068.16,-57,26,0
1,4068.16,-50.8,26,0
1,4068.16,-51.3,26,0
1,4068.16,-54.9,26,0
1,4068.16,-62.8,27,0
1,4068.16,-52.7,27,0
1,4068.16,-55.3,27,0
1,4068.16,-63.4,27,0
1,4068.16,-53.1,27,0
1,4068.16,-55.2,28,0
1,4068.16,-63.4,28,0
1,4068.16,-54.5,28,0
1,4068.16,-54.6,28,0
1,4068.16,-63.8,28,0
1,4068.16,-55.8,29,0
1,4068.16,-53.1,29,0
1,4068.16,-63.5,29,0
1,4068.16,-57.5,29,0
1,4068.16,-62.4,29,0
1,4068.16,-51.9,30,0
1,4068.16,-56,30,0
1,4068.16,-62.8,30,0
1,4068.16,-53.9,30,0
1,4068.16,-57.2,30,0
1,4068.16,-64.5,31,0
1,4068.16,-54.4,31,0
1,4068.16,-57.4,31,0
1,4068.16,-65.2,31,0
1,4068.16,-54.5,31,0
1,4068.16,-57.7,32,0
1,4068.16,-64.9,32,0
1,4068.16,-54.4,32,0
1,4068.16,-58.7,32,0
1,4068.16,-53,32,0
1,4068.16,-62.8,33,0
1,4068.16,-62.2,33,0
1,4068.16,-53.5,33,0
1,4068.16,-63.4,33,0
1,4068.16,-62.5,33,0
1,4068.16,-54.5,34,0
1,4068.16,-59.6,34,0
1,4068.16,-66.3,34,0
1,4068.16,-54.7,34,0
1,4068.16,-66.9,34,0
1,4068.16,-57.2,35,0
1,4068.16,-61.4,35,0
1,4068.16,-62.4,35,0
1,4068.16,-55.1,35,0
1,4068.16,-54.8,35,0
1,4068.16,-67.5,36,0
1,4068.16,-55.3,36,0
1,4068.16,-65.9,36,0
1,4068.16,-62.3,36,0
1,4068.16,-59.3,36,0
1,4068.16,-65.8,37,0
1,4068.16,-55.2,37,0
1,4068.16,-67.8,37,0
1,4068.16,-57.1,37,0
1,4068.16,-65.3,37,0
1,4068.16,-59.4,38,0
1,4068.16,-63,38,0
1,4068.16,-62.9,38,0
1,4068.16,-56.7,38,0
1,4068.16,-56.8,38,0
1,4068.16,-69.3,39,0
1,4068.16,-56.7,39,0
1,4068.16,-68.7,39,0
1,4068.16,-58.7,39,0
1,4068.16,-66.3,39,0
1,4068.16,-61.6,40,0
1,4068.16,-62.7,40,0
1,4068.16,-65.3,40,0
1,4068.16,-60.7,40,0
1,4068.16,-68.3,40,0
1,4068.16,-58.2,41,0
1,4068.16,-69.6,41,0
1,4068.16,-58.8,41,0
1,4068.16,-68.7,41,0
1,4068.16,-65.8,41,0
1,4068.16,-63.4,42,0
1,4068.16,-63.6,42,0
1,4068.16,-63.1,42,0
1,4068.16,-58.3,42,0
1,4068.16,-70.9,42,0
1,4068.16,-59.6,43,0
1,4068.16,-67.6,43,0
1,4068.16,-64.3,43,0
1,4068.16,-64.4,43,0
1,4068.16,-68.4,43,0
1,4068.16,-60.8,44,0
1,4068.16,-71.3,44,0
1,4068.16,-59.6,44,0
1,4068.16,-72.1,44,0
1,4068.16,-71.7,44,0
1,4068.16,-61.1,45,0
1,4068.16,-68.2,45,0
1,4068.16,-66.4,45,0
1,4068.16,-63.7,45,0
1,4068.16,-71.9,45,0
1,4068.16,-61.4,46,0
1,4068.16,-72.7,46,0
1,4068.16,-73,46,0
1,4068.16,-63.4,46,0
1,4068.16,-72.5,46,0
1,4068.16,-61,47,0
1,4068.16,-72.7,47,0
1,4068.16,-64.2,47,0
1,4068.16,-68.2,47,0
1,4068.16,-68,47,0
1,4068.16,-70.2,48,0
1,4068.16,-63.3,48,0
1,4068.16,-74.3,48,0
1,4068.16,-61.6,48,0
1,4068.16,-73.6,48,0
1,4068.16,-64.4,49,0
1,4068.16,-70.2,49,0
1,4068.16,-68.8,49,0
1,4068.16,-67.6,49,0
1,4068.16,-70.5,49,0
1,4068.16,-70.1,50,0
1,4068.16,-68.1,50,0
1,4068.16,-69.4,50,0
1,4068.16,-69.4,50,0
1,4068.16,-74.8,50,0
1,4068.16,-63.7,51,0
1,4068.16,-75.4,51,0
1,4068.16,-64.2,51,0
1,4068.16,-76.3,51,0
1,4068.16,-63.1,51,0
1,4068.16,-76.6,52,0
1,4068.16,-63.4,52,0
1,4068.16,-76.5,52,0
1,4068.16,-64.7,52,0
1,4068.16,-76.7,52,0
1,4068.16,-64.2,53,0
1,4068.16,-76.9,53,0
1,4068.16,-66.1,53,0
1,4068.16,-76.5,53,0
1,4068.16,-66.6,53,0
1,4068.16,-65.2,54,0
1,4068.16,-76.4,54,0
1,4068.16,-77.2,54,0
1,4064.19,-65.9,54,0
1,4068.16,-77.5,54,0
1,4068.16,-77.3,55,0
1,4068.16,-66.2,55,0
1,4068.16,-78.6,55,0
1,4064.19,-65.7,55,0
1,4068.16,-78.6,55,0
1,4064.19,-66.8,56,0
1,4068.16,-78.3,56,0
1,4052.26,-67.1,56,0
1,4064.19,-79,56,0
1,4052.26,-66.9,56,0
1,4052.26,-68.1,57,0
1,4064.19,-78.4,57,0
1,4044.3,-69.1,57,0
1,4060.21,-78.5,57,0
1,4044.3,-68.9,57,0
1,4060.21,-78.6,58,0
1,4060.21,-74.2,58,0
1,4040.33,-73.8,58,0
1,4048.28,-74.8,58,0
1,4036.35,-73.7,58,0
1,4036.35,-71.5,59,0
1,4048.28,-78.2,59,0
1,4028.4,-74.6,59,0
1,4040.33,-75.4,59,0
1,4028.4,-73.9,59,0
1,4028.4,-72.3,60,0
1,4040.33,-74.8,60,0
1,4020.44,-75.4,60,0
1,4032.37,-76.3,60,0
1,4020.44,-74.9,60,0
1,4032.37,-75.7,61,0
1,4020.44,-75.7,61,0
1,4016.47,-74.4,61,0
1,4012.49,-79.3,61,0
1,4012.49,-72.2,61,0
1,4016.47,-81.9,62,0
1,4020.44,-82,62,0
1,3996.58,-71.2,62,0
1,4008.51,-81.7,62,0
1,4000.56,-73,62,0
1,4012.49,-77.1,63,0
1,4000.56,-77.5,63,0
1,3992.61,-73.9,63,0
1,3988.63,-80.9,63,0
1,3984.65,-72.1,63,0
1,3992.61,-83.3,64,0
1,3980.68,-72.2,64,0
1,3972.72,-81.5,64,0
1,3964.77,-75,64,0
1,3976.7,-78.9,64,0
1,3972.72,-80.6,65,0
1,3972.72,-73.6,65,0
1,3956.82,-83.4,65,0
1,3952.84,-73.2,65,0
1,3960.79,-84.2,65,0
1,3948.86,-75.2,66,0
1,3956.82,-73.7,66,0
1,3940.91,-84,66,0
1,3932.96,-73.6,66,0
1,3944.89,-84.3,66,0
1,3948.86,-81.6,67,0
1,3940.91,-78.6,67,0
1,3925,-76.5,67,0
1,3928.98,-83.6,67,0
1,3921.03,-73.7,67,0
1,3925,-84.5,68,0
1,3909.1,-75.8,68,0
1,3893.19,-78,68,0
1,3893.19,-81.9,68,0
1,3893.19,-76,68,0
1,3889.21,-83.3,69,0
1,3889.21,-84.8,69,0
1,3865.35,-74.2,69,0
1,3869.33,-85.2,69,0
1,3861.38,-74.7,69,0
1,3865.35,-74.9,70,0
1,3873.31,-85.1,70,0
1,3829.56,-75.5,70,0
1,3829.56,-82.8,70,0
1,3817.63,-77,70,0
1,3829.56,-82.4,71,0
1,3833.54,-85.4,71,0
1,3789.79,-75.3,71,0
1,3801.72,-85,71,0
1,3797.75,-75.2,71,0
1,3805.7,-85.2,72,0
1,3809.68,-84.3,72,0
1,3761.96,-76.6,72,0
1,3773.89,-84.5,72,0
1,3761.96,-77,72,0
1,3757.98,-83.8,73,0
1,3754,-79.2,73,0
1,3734.12,-81.6,73,0
1,3718.21,-80,73,0
1,3726.17,-80.7,73,0
1,3726.17,-79.8,74,0
1,3726.17,-81.7,74,0
1,3686.4,-78.3,74,0
1,3686.4,-85.3,74,0
1,3686.4,-74.8,74,0
1,3690.38,-86.1,75,0
1,3686.4,-75.9,75,0
1,3638.68,-86,75,0
1,3630.73,-75.6,75,0
1,3642.66,-85.4,75,0
1,3630.73,-79.7,76,0
1,3642.66,-79,76,0
1,3598.91,-82.8,76,0
1,3610.84,-76.9,76,0
1,3610.84,-86.6,76,0
1,3610.84,-75.7,77,0
1,3622.77,-85.9,77,0
1,3579.03,-77.9,77,0
1,3583.01,-80.9,77,0
1,3571.08,-83.6,77,0
1,3575.05,-86.4,78,0
1,3583.01,-86.1,78,0
1,3531.31,-78,78,0
1,3543.24,-80.7,78,0
1,3535.29,-83.7,78,0
1,3539.26,-75.6,79,0
1,3535.29,-75.8,79,0
1,3511.43,-84.1,79,0
1,3499.5,-81.6,79,0
1,3499.5,-75.5,79,0
1,3503.47,-86.6,80,0
1,3491.54,-77.6,80,0
1,3455.75,-80.4,80,0
1,3431.89,-85.8,80,0
1,3427.91,-75.4,80,0
1,3435.87,-82.7,81,0
1,3431.89,-77.8,81,0
1,3404.05,-85.9,81,0
1,3392.12,-75.6,81,0
1,3392.12,-81,81,0
1,3400.08,-76.1,82,0
1,3408.03,-86.5,82,0
1,3364.29,-79.6,82,0
1,3360.31,-77.7,82,0
1,3360.31,-86.4,82,0
1,3352.36,-75.5,83,0
1,3364.29,-81.1,83,0
1,3328.5,-78.9,83,0
1,3328.5,-85,83,0
1,3328.5,-77.9,83,0
1,3340.43,-79.7,84,0
1,3332.47,-77.4,84,0
1,3300.66,-86.8,84,0
1,3296.68,-78.1,84,0
1,3300.66,-79.3,84,0
1,3296.68,-86.2,85,0
1,3288.73,-79.8,85,0
1,3252.94,-77.3,85,0
1,3260.89,-86.8,85,0
1,3260.89,-82.8,85,0
1,3256.92,-83,86,0
1,3256.92,-75.2,86,0
1,3229.08,-84.7,86,0
1,3225.1,-85,86,0
1,3221.13,-75.8,86,0
1,3229.08,-82.7,87,0
1,3221.13,-77,87,0
1,3173.41,-75.6,87,0
1,3185.34,-82.6,87,0
1,3173.41,-82.8,87,0
1,3173.41,-75.6,88,0
1,3181.36,-85.4,88,0
1,3141.59,-82.2,88,0
1,3149.55,-75.7,88,0
1,3149.55,-87.2,88,0
1,3145.57,-80.5,89,0
1,3149.55,-76.9,89,0
1,3113.76,-86,89,0
1,3109.78,-80,89,0
1,3105.8,-83.7,89,0
1,3121.71,-76.8,90,0
1,3129.66,-79,90,0
1,3089.9,-76.3,90,0
1,3097.85,-87.6,90,0
1,3093.87,-79,90,0
1,3097.85,-78.7,91,0
1,3105.8,-87.4,91,0
1,3066.04,-87.2,91,0
1,3066.04,-83.7,91,0
1,3058.08,-75.7,91,0
1,3066.04,-86.5,92,0
1,3058.08,-82,92,0
1,3014.34,-76.8,92,0
1,3026.27,-84.6,92,0
1,3018.31,-83.8,92,0
1,3018.31,-75.5,93,0
1,3034.22,-85.9,93,0
1,2998.43,-79.6,93,0
1,2990.48,-76.6,93,0
1,2998.43,-86.3,93,0
1,2990.48,-82,94,0
1,2990.48,-77.3,94,0
1,2958.66,-87.6,94,0
1,2946.73,-78.7,94,0
1,2950.71,-79.3,94,0
1,2954.69,-87.4,95,0
1,2946.73,-77,95,0
1,2918.9,-83.7,95,0
1,2922.87,-81.1,95,0
1,2926.85,-86.5,95,0
1,2918.9,-78.6,96,0
1,2922.87,-80.3,96,0
1,2883.11,-76.5,96,0
1,2891.06,-87.7,96,0
1,2879.13,-83.5,96,0
1,2879.13,-75.7,97,0
1,2887.08,-85.1,97,0
1,2843.34,-82.7,97,0
1,2851.29,-84.7,97,0
1,2847.32,-84,97,0
1,2847.32,-75.7,98,0
1,2855.27,-85.8,98,0
1,2811.53,-82.6,98,0
1,2811.53,-76.4,98,0
1,2819.48,-87.4,98,0
1,2811.53,-84.8,99,0
1,2803.57,-75.7,99,0
1,2775.74,-87.7,99,0
1,2771.76,-79.3,99,0
1,2771.76,-78.9,99,0
1,2779.71,-88.2,100,0
1,2771.76,-78.6,100,0
1,2743.92,-78.9,100,0
1,2747.9,-86.8,100,0
1,2739.95,-81.7,100,0
1,2739.95,-76.4,101,0
1,2743.92,-86.8,101,0
1,2700.18,-81.6,101,0
1,2700.18,-85.2,101,0
1,2692.23,-75.5,101,0
1,2700.18,-86.8,102,0
1,2688.25,-77.6,102,0
1,2656.44,-78,102,0
1,2668.37,-84.9,102,0
1,2660.41,-78.8,102,0
1,2668.37,-84,103,0
1,2660.41,-77.8,103,0
1,2636.55,-85.4,103,0
1,2636.55,-87.6,103,0
1,2620.64,-75.5,103,0
1,2628.6,-88,104,0
1,2620.64,-75.2,104,0
1,2600.76,-87.9,104,0
1,2588.83,-75.2,104,0
1,2596.78,-87.7,104,0
1,2596.78,-76.1,105,0
1,2600.76,-87.6,105,0
1,2560.99,-78.6,105,0
1,2568.95,-85.7,105,0
1,2560.99,-76.9,105,0
1,2564.97,-84,106,0
1,2557.02,-79.3,106,0
1,2533.16,-85.1,106,0
1,2525.2,-77.6,106,0
1,2533.16,-86.1,106,0
1,2529.18,-77,107,0
1,2533.16,-83.1,107,0
1,2501.34,-80.6,107,0
1,2505.32,-83.7,107,0
1,2509.3,-85.8,107,0
1,2497.37,-77.5,108,0
1,2509.3,-86.1,108,0
1,2469.53,-77.7,108,0
1,2461.58,-80,108,0
1,2469.53,-82.8,108,0
1,2469.53,-81.1,109,0
1,2473.51,-86.4,109,0
1,2437.72,-77.1,109,0
1,2441.69,-87.3,109,0
1,2441.69,-75.6,109,0
1,2449.65,-88.7,110,0
1,2437.72,-77.1,110,0
1,2413.86,-86.3,110,0
1,2405.9,-78.2,110,0
1,2413.86,-85.2,110,0
1,2401.93,-82.3,111,0
1,2409.88,-80.4,111,0
1,2374.09,-83.1,111,0
1,2374.09,-80.6,111,0
1,2374.09,-79.5,111,0
1,2378.07,-84.5,112,0
1,2382.04,-80.5,112,0
1,2354.21,-84.4,112,0
1,2350.23,-80.3,112,0
1,2350.23,-80.2,112,0
1,2354.21,-82.5,113,0
1,2350.23,-81.3,113,0
1,2318.42,-82.2,113,0
1,2318.42,-85.1,113,0
1,2318.42,-77.4,113,0
1,2322.39,-86.6,114,0
1,2318.42,-76.5,114,0
1,2290.58,-87.4,114,0
1,2294.56,-88.7,114,0
1,2286.6,-74.9,114,0
1,2290.58,-88.2,115,0
1,2278.65,-75.5,115,0
1,2262.74,-87.7,115,0
1,2250.81,-78.2,115,0
1,2246.83,-75.2,115,0
1,2254.79,-87.2,116,0
1,2246.83,-75.6,116,0
1,2226.95,-87.1,116,0
1,2226.95,-86.6,116,0
1,2222.97,-80.3,116,0
1,2226.95,-81.9,117,0
1,2258.77,-83.9,117,0
1,2226.95,-77.6,117,0
1,2222.97,-78.3,117,0
1,2234.91,-89.7,117,0
1,2230.93,-76.9,118,0
1,2234.91,-85.2,118,0
1,2199.11,-82.3,118,0
1,2203.09,-82.1,118,0
1,2207.07,-85.3,118,0
1,2199.11,-79.1,119,0
1,2211.04,-90.2,119,0
1,2171.28,-76.7,119,0
1,2175.25,-90.1,119,0
1,2151.39,-75.4,119,0
1,2139.46,-75.2,120,0
1,2151.39,-87.7,120,0
1,2123.56,-87.6,120,0
1,2135.49,-89.4,120,0
1,2131.51,-75.6,120,0
1,2135.49,-87.2,121,0
1,2111.63,-76.7,121,0
1,2095.72,-86.8,121,0
1,2087.77,-76.5,121,0
1,2095.72,-86.9,121,0
1,2087.77,-77.1,122,0
1,2095.72,-82.5,122,0
1,2063.91,-80.1,122,0
1,2067.88,-82.4,122,0
1,2063.91,-81.4,122,0
1,2063.91,-80.6,123,0
1,2067.88,-86.9,123,0
1,2036.07,-76.1,123,0
1,2036.07,-76.5,123,0
1,2044.02,-87.7,123,0
1,2044.02,-87.7,124,0
1,2048,-88.2,124,0
1,2012.21,-75.3,124,0
1,2020.16,-88.8,124,0
1,2012.21,-75,124,0
1,2020.16,-88.3,125,0
1,2008.23,-75.6,125,0
1,1988.35,-84.3,125,0
1,1984.37,-80.4,125,0
1,1988.35,-81.6,125,0
1,1984.37,-85.4,126,0
1,1976.42,-76.2,126,0
1,1968.47,-88.1,126,0
1,1972.44,-88.8,126,0
1,1964.49,-76,126,0
1,1968.47,-84,127,0
1,1964.49,-81.5,127,0
1,1940.63,-80.3,127,0
1,1940.63,-87.5,127,0
1,1932.68,-74.9,127,0
1,1944.61,-87.2,128,0
1,1936.65,-81.2,128,0
1,1912.79,-80.5,128,0
1,1916.77,-83.5,128,0
1,1912.79,-78.1,128,0
1,1920.75,-88.4,129,0
1,1912.79,-75.4,129,0
1,1896.89,-88.1,129,0
1,1896.89,-88.6,129,0
1,1888.93,-78.8,129,0
1,1892.91,-82.6,130,0
1,1888.93,-81.5,130,0
1,1865.07,-79.5,130,0
1,1865.07,-84.9,130,0
1,1861.1,-76.6,130,0
1,1869.05,-87.7,131,0
1,1865.07,-75.7,131,0
1,1849.17,-87.5,131,0
1,1837.24,-75.1,131,0
1,1837.24,-75.2,131,0
1,1837.24,-75.1,132,0
1,1845.19,-87.5,132,0
1,1809.4,-76.1,132,0
1,1813.37,-75.9,132,0
1,1817.35,-85.5,132,0
1,1813.37,-79.6,133,0
1,1813.37,-80.9,133,0
1,1797.47,-84.4,133,0
1,1793.49,-76.7,133,0
1,1801.44,-88.6,133,0
1,1793.49,-75.1,134,0
1,1801.44,-86.7,134,0
1,1773.61,-78.9,134,0
1,1769.63,-80.9,134,0
1,1773.61,-84.8,134,0
1,1769.63,-75.9,135,0
1,1777.58,-89,135,0
1,1745.77,-76.9,135,0
1,1749.75,-85.7,135,0
1,1753.72,-85.6,135,0
1,1753.72,-81.6,136,0
1,1749.75,-78.7,136,0
1,1729.86,-87.9,136,0
1,1721.91,-75,136,0
1,1725.89,-85.5,136,0
1,1717.93,-80.9,137,0
1,1721.91,-79.3,137,0
1,1702.03,-86.3,137,0
1,1694.07,-75.3,137,0
1,1702.03,-88.6,137,0
1,1694.07,-76.3,138,0
1,1702.03,-83.9,138,0
1,1682.14,-82.5,138,0
1,1674.19,-75.3,138,0
1,1674.19,-74.9,138,0
1,1682.14,-88.6,139,0
1,1674.19,-77.3,139,0
1,1650.33,-79.7,139,0
1,1650.33,-80.1,139,0
1,1658.28,-89.2,139,0
1,1658.28,-86.3,140,0
1,1650.33,-75.4,140,0
1,1634.42,-88.4,140,0
1,1630.45,-76.9,140,0
1,1634.42,-79.3,140,0
1,1638.4,-87.8,141,0
1,1630.45,-74.8,141,0
1,1614.54,-88.4,141,0
1,1606.59,-78.7,141,0
1,1610.56,-85,141,0
1,1602.61,-76,142,0
1,1610.56,-87.3,142,0
1,1582.73,-78.8,142,0
1,1586.7,-81.4,142,0
1,1590.68,-85.4,142,0
1,1582.73,-75.7,143,0
1,1582.73,-74.9,143,0
1,1570.8,-87.6,143,0
1,1562.84,-78.9,143,0
1,1566.82,-81.7,143,0
1,1566.82,-84.5,144,0
1,1566.82,-85.1,144,0
1,1538.98,-76.9,144,0
1,1550.91,-89.3,144,0
1,1550.91,-89.4,144,0
1,1542.96,-76.8,145,0
1,1550.91,-86,145,0
1,1523.08,-79.8,145,0
1,1527.05,-83.6,145,0
1,1527.05,-81.7,145,0
1,1523.08,-81.9,146,0
1,1527.05,-86.8,146,0
1,1499.22,-77,146,0
1,1503.19,-87.8,146,0
1,1495.24,-75.7,146,0
1,1495.24,-75,147,0
1,1503.19,-89.5,147,0
1,1475.36,-75,147,0
1,1483.31,-85.9,147,0
1,1483.31,-85.9,147,0
1,1479.33,-80.4,148,0
1,1479.33,-79.7,148,0
1,1459.45,-82.3,148,0
1,1459.45,-84.1,148,0
1,1455.47,-77.8,148,0
1,1459.45,-84.2,149,0
1,1451.5,-77.7,149,0
1,1439.57,-88.4,149,0
1,1431.61,-75.3,149,0
1,1439.57,-85.8,149,0
1,1435.59,-81,150,0
1,1435.59,-81.2,150,0
1,1419.68,-86.1,150,0
1,1411.73,-76.4,150,0
1,1419.68,-89.8,150,0
1,1411.73,-75.2,151,0
1,1415.7,-89.2,151,0
1,1387.87,-75.4,151,0
1,1395.82,-87.7,151,0
1,1387.87,-75.5,151,0
1,1395.82,-88.1,152,0
1,1395.82,-84.2,152,0
1,1371.96,-82.2,152,0
1,1371.96,-84,152,0
1,1375.94,-82.8,152,0
1,1371.96,-79.9,153,0
1,1375.94,-86.7,153,0
1,1348.1,-76.4,153,0
1,1352.08,-89,153,0
1,1352.08,-89.6,153,0
1,1344.12,-75.4,154,0
1,1352.08,-86.5,154,0
1,1324.24,-76.8,154,0
1,1324.24,-75.8,154,0
1,1332.19,-85.3,154,0
1,1328.22,-83,155,0
1,1328.22,-77.9,155,0
1,1312.31,-88.8,155,0
1,1304.36,-75,155,0
1,1312.31,-89.5,155,0
1,1300.38,-76.5,156,0
1,1308.33,-83.8,156,0
1,1284.47,-82.1,156,0
1,1284.47,-85.3,156,0
1,1284.47,-82.2,156,0
1,1284.47,-79.3,157,0
1,1288.45,-87.3,157,0
1,1260.61,-77.9,157,0
1,1268.57,-88.7,157,0
1,1260.61,-75.4,157,0
1,1268.57,-88.9,158,0
1,1260.61,-75.2,158,0
1,1240.73,-79.6,158,0
1,1244.71,-82.2,158,0
1,1248.68,-83.5,158,0
1,1240.73,-79.2,159,0
1,1248.68,-86.4,159,0
1,1220.85,-76.9,159,0
1,1232.78,-88.6,159,0
1,1232.78,-90.2,159,0
1,1224.82,-75.8,160,0
1,1224.82,-75.2,160,0
1,1208.92,-89.8,160,0
1,1200.96,-74.9,160,0
1,1208.92,-89.4,160,0
1,1200.96,-74.8,161,0
1,1208.92,-89.5,161,0
1,1181.08,-74.9,161,0
1,1189.03,-89.1,161,0
1,1181.08,-75.1,161,0
1,1189.03,-89.3,162,0
1,1189.03,-89.6,162,0
1,1161.2,-75.1,162,0
1,1169.15,-88.7,162,0
1,1169.15,-89.2,162,0
1,1161.2,-75.8,163,0
1,1165.17,-88.1,163,0
1,1141.31,-76.8,163,0
1,1145.29,-85,163,0
1,1137.34,-76.1,163,0
1,1145.29,-86.2,164,0
1,1141.31,-79.2,164,0
1,1125.41,-84,164,0
1,1121.43,-78.4,164,0
1,1125.41,-88,164,0
1,1121.43,-75,165,0
1,1125.41,-89.4,165,0
1,1097.57,-74.8,165,0
1,1105.52,-88.8,165,0
1,1097.57,-74.8,165,0
1,1105.52,-88.4,166,0
1,1097.57,-74.7,166,0
1,1089.62,-89.4,166,0
1,1081.66,-74.5,166,0
1,1089.62,-88.2,166,0
1,1081.66,-76.9,167,0
1,1089.62,-85.9,167,0
1,1061.78,-78.4,167,0
1,1065.76,-83.4,167,0
1,1061.78,-77.2,167,0
1,1065.76,-84.8,168,0
1,1061.78,-79.5,168,0
1,1049.85,-88.6,168,0
1,1041.9,-75.2,168,0
1,1049.85,-89.4,168,0
1,1045.87,-78,169,0
1,1049.85,-88.6,169,0
1,1025.99,-76.5,169,0
1,1029.97,-86.6,169,0
1,1029.97,-85.4,169,0
1,1025.99,-79,170,0
1,1025.99,-83.8,170,0
1,1006.1,-81.3,170,0
1,1010.08,-81.8,170,0
1,1006.1,-83.2,170,0
1,1006.1,-80,171,0
1,1010.08,-84.4,171,0
1,990.2,-78.7,171,0
1,994.17,-87.1,171,0
1,990.2,-77.3,171,0
1,990.2,-75.4,172,0
1,994.17,-89.6,172,0
1,978.27,-89.7,172,0
1,966.34,-74.5,172,0
1,974.29,-89.2,172,0
1,966.34,-75.3,173,0
1,974.29,-87.8,173,0
1,950.43,-77.6,173,0
1,950.43,-78.7,173,0
1,958.38,-83,173,0
1,954.41,-83,174,0
1,954.41,-79.1,174,0
1,938.5,-87.2,174,0
1,934.52,-76.1,174,0
1,938.5,-86.8,174,0
1,938.5,-89.2,175,0
1,930.55,-75.7,175,0
1,918.62,-89.4,175,0
1,914.64,-74.4,175,0
1,922.59,-89,175,0
1,914.64,-75.7,176,0
1,918.62,-86.3,176,0
1,898.73,-79.5,176,0
1,898.73,-85.7,176,0
1,898.73,-76.3,176,0
1,902.71,-89.4,177,0
1,894.76,-74.4,177,0
1,882.83,-89.1,177,0
1,882.83,-88.8,177,0
1,878.85,-74.7,177,0
1,874.87,-75.6,178,0
1,882.83,-87.4,178,0
1,858.97,-78.1,178,0
1,866.92,-84.2,178,0
1,862.94,-81.9,178,0
1,862.94,-80.3,179,0
1,862.94,-80.8,179,0
1,847.04,-82.2,179,0
1,847.04,-83.7,179,0
1,843.06,-75.8,179,0
1,847.04,-89,180,0
1,843.06,-74.7,180,0
1,831.13,-89.6,180,0
1,831.13,-86.1,180,0
1,827.15,-79.8,180,0
1,827.15,-79.7,181,0
1,831.13,-82.2,181,0
1,815.22,-87.7,181,0
1,815.22,-88.9,181,0
1,811.25,-75.1,181,0
1,815.22,-90.2,182,0
1,807.27,-75.1,182,0
1,799.32,-89,182,0
1,791.36,-76.8,182,0
1,795.34,-82,182,0
1,795.34,-84.2,183,0
1,795.34,-78.4,183,0
1,779.43,-87.8,183,0
1,779.43,-76,183,0
1,783.41,-89.5,183,0
1,783.41,-89.5,184,0
1,775.46,-75.2,184,0
1,767.5,-89.2,184,0
1,763.53,-84.9,184,0
1,759.55,-81.1,184,0
1,759.55,-80.9,185,0
1,763.53,-85.9,185,0
1,743.64,-86.9,185,0
1,739.67,-75.5,185,0
1,747.62,-89.9,185,0
1,743.64,-75.2,186,0
1,747.62,-89.1,186,0
1,727.74,-76.7,186,0
1,731.71,-86.8,186,0
1,727.74,-78.2,186,0
1,727.74,-80.9,187,0
1,727.74,-83,187,0
1,711.83,-82.2,187,0
1,711.83,-81.6,187,0
1,711.83,-78.7,187,0
1,711.83,-80.2,188,0
1,711.83,-84.9,188,0
1,695.92,-79.6,188,0
1,695.92,-85.8,188,0
1,699.9,-88.9,188,0
1,691.95,-75.8,189,0
1,699.9,-90.2,189,0
1,680.02,-82,189,0
1,680.02,-80.7,189,0
1,680.02,-84.9,189,0
1,676.04,-79.6,190,0
1,680.02,-82.8,190,0
1,664.11,-83.4,190,0
1,664.11,-79.8,190,0
1,664.11,-85.9,190,0
1,664.11,-78.4,191,0
1,668.09,-87.3,191,0
1,644.23,-76.8,191,0
1,648.2,-88.7,191,0
1,644.23,-75.4,191,0
1,648.2,-89.1,192,0
1,644.23,-74.8,192,0
1,636.27,-89.1,192,0
1,628.32,-75.8,192,0
1,628.32,-79.3,192,0
1,632.3,-83.9,193,0
1,632.3,-85.9,193,0
1,616.39,-81.4,193,0
1,616.39,-84.5,193,0
1,616.39,-79.1,193,0
1,616.39,-86.5,194,0
1,612.41,-77,194,0
1,600.48,-88.4,194,0
1,596.5,-75.4,194,0
1,600.48,-89.6,194,0
1,596.5,-74.4,195,0
1,604.46,-90.2,195,0
1,580.6,-74.7,195,0
1,588.55,-89.5,195,0
1,580.6,-75.8,195,0
1,588.55,-87.9,196,0
1,584.57,-84.4,196,0
1,564.69,-81.2,196,0
1,568.67,-82.1,196,0
1,568.67,-78.6,196,0
1,568.67,-86.6,197,0
1,568.67,-86.7,197,0
1,552.76,-77.6,197,0
1,556.74,-87.7,197,0
1,552.76,-77.2,197,0
1,556.74,-88.3,198,0
1,552.76,-76.3,198,0
1,540.83,-88.6,198,0
1,536.85,-74.8,198,0
1,540.83,-89,198,0
1,536.85,-75.6,199,0
1,532.88,-74.5,199,0
1,524.92,-89.9,199,0
1,520.95,-74.4,199,0
1,524.92,-90,199,0
1,520.95,-75,200,0
1,524.92,-89.8,200,0
1,509.02,-74.8,200,0
1,512.99,-89.8,200,0
1,512.99,-90.5,200,0
1,505.04,-74.9,201,0
1,505.04,-74.8,201,0
1,497.09,-89.7,201,0
1,489.13,-74.9,201,0
1,497.09,-89.4,201,0
1,489.13,-74.9,202,0
1,493.11,-76.7,202,0
1,481.18,-87.7,202,0
1,481.18,-77.6,202,0
1,481.18,-86.9,202,0
1,481.18,-79.5,203,0
1,481.18,-84.9,203,0
1,469.25,-81.1,203,0
1,465.27,-82.2,203,0
1,465.27,-82.6,203,0
1,465.27,-80.6,204,0
1,465.27,-85,204,0
1,449.37,-78,204,0
1,453.34,-86,204,0
1,449.37,-74.8,204,0
1,449.37,-75.7,205,0
1,457.32,-90.2,205,0
1,437.44,-74.8,205,0
1,441.41,-90.3,205,0
1,437.44,-74.7,205,0
1,441.41,-89.5,206,0
1,433.46,-74.4,206,0
1,429.48,-90.4,206,0
1,421.53,-74.6,206,0
1,429.48,-89.8,206,0
1,421.53,-75.2,207,0
1,429.48,-90.5,207,0
1,409.6,-74.5,207,0
1,413.58,-90.1,207,0
1,409.6,-74.7,207,0
1,417.55,-89.7,208,0
1,417.55,-90.4,208,0
1,397.67,-74.6,208,0
1,401.65,-89.2,208,0
1,397.67,-76,208,0
1,401.65,-87.3,209,0
1,397.67,-77.6,209,0
1,389.72,-87.3,209,0
1,385.74,-78.7,209,0
1,385.74,-85.8,209,0
1,389.72,-85.2,210,0
1,385.74,-79.1,210,0
1,377.79,-87.1,210,0
1,373.81,-74.8,210,0
1,377.79,-90.6,210,0
1,369.83,-74.9,211,0
1,373.81,-75.7,211,0
1,361.88,-89,211,0
1,361.88,-80.9,211,0
1,361.88,-83,211,0
1,361.88,-83.1,212,0
1,361.88,-81.1,212,0
1,349.95,-84.6,212,0
1,345.97,-80.2,212,0
1,349.95,-84.8,212,0
1,345.97,-83.1,213,0
1,349.95,-81.4,213,0
1,334.04,-83.5,213,0
1,338.02,-81,213,0
1,334.04,-78.9,213,0
1,338.02,-85.5,214,0
1,338.02,-83.4,214,0
1,322.11,-81.6,214,0
1,326.09,-83.6,214,0
1,326.09,-85.6,214,0
1,326.09,-80.3,215,0
1,326.09,-84.7,215,0
1,314.16,-82,215,0
1,310.18,-82.1,215,0
1,314.16,-83.8,215,0
1,310.18,-80,216,0
1,318.14,-85.7,216,0
1,298.25,-77.8,216,0
1,306.21,-88.2,216,0
1,298.25,-76.6,216,0
1,306.21,-90.2,217,0
1,306.21,-89.5,217,0
1,286.32,-74.9,217,0
1,294.28,-90.4,217,0
1,290.3,-74.8,217,0
1,294.28,-90.5,218,0
1,290.3,-76,218,0
1,282.35,-88.2,218,0
1,278.37,-77,218,0
1,282.35,-87.5,218,0
1,278.37,-74.9,219,0
1,282.35,-90.4,219,0
1,266.44,-75.2,219,0
1,270.42,-90.7,219,0
1,266.44,-75.4,219,0
1,270.42,-90.9,220,0
1,262.46,-73.3,220,0
1,254.51,-74.8,220,0
1,254.51,-86.5,220,0
1,254.51,-74.4,220,0
1,254.51,-79.2,221,0
1,254.51,-81.2,221,0
1,242.58,-84.4,221,0
1,246.56,-77.3,221,0
1,242.58,-84.4,221,0
1,246.56,-81.1,222,0
1,242.58,-79.7,222,0
1,234.63,-80.6,222,0
1,234.63,-80.9,222,0
1,234.63,-79.1,222,0
1,234.63,-82.7,223,0
1,234.63,-77.3,223,0
1,222.7,-78.3,223,0
1,222.7,-83.4,223,0
1,222.7,-76.9,223,0
1,222.7,-85.3,224,0
1,222.7,-75.7,224,0
1,214.74,-86.6,224,0
1,214.74,-74.5,224,0
1,214.74,-75,224,0
1,214.74,-75.6,225,0
1,214.74,-85.6,225,0
1,206.79,-75.6,225,0
1,206.79,-85.3,225,0
1,206.79,-76,225,0
1,206.79,-80.6,226,0
1,206.79,-80.8,226,0
1,198.83,-78.6,226,0
1,194.86,-77.6,226,0
1,198.83,-83.5,226,0
1,194.86,-77.2,227,0
1,198.83,-84,227,0
1,182.93,-73.7,227,0
1,190.88,-88,227,0
1,182.93,-73.3,227,0
1,190.88,-88.2,228,0
1,182.93,-73.1,228,0
1,182.93,-88.6,228,0
1,174.97,-73,228,0
1,178.95,-72.9,228,0
1,182.93,-88.7,229,0
1,182.93,-88.4,229,0
1,171,-88.8,229,0
1,167.02,-73.3,229,0
1,171,-88,229,0
1,167.02,-73.5,230,0
1,171,-87.8,230,0
1,159.07,-73.8,230,0
1,163.04,-87.1,230,0
1,159.07,-75.3,230,0
1,163.04,-85.6,231,0
1,163.04,-77.1,231,0
1,155.09,-83.7,231,0
1,155.09,-78.8,231,0
1,155.09,-81.8,231,0
1,155.09,-79.6,232,0
1,155.09,-80.2,232,0
1,147.14,-82.5,232,0
1,147.14,-79.1,232,0
1,147.14,-79.7,232,0
1,143.16,-81,233,0
1,147.14,-87.9,233,0
1,135.21,-74,233,0
1,139.18,-87.7,233,0
1,135.21,-74.2,233,0
1,139.18,-87.5,234,0
1,135.21,-74,234,0
1,131.23,-87,234,0
1,127.25,-74.5,234,0
1,135.21,-87.2,234,0
1,131.23,-73.7,235,0
1,135.21,-88.2,235,0
1,127.25,-88.8,235,0
1,119.3,-72.7,235,0
1,127.25,-88.4,235,0
1,119.3,-73.2,236,0
1,127.25,-87.6,236,0
1,115.32,-74.4,236,0
1,115.32,-74.9,236,0
1,119.3,-85,236,0
1,115.32,-76.7,237,0
1,119.3,-86,237,0
1,107.37,-74.5,237,0
1,111.35,-87.4,237,0
1,111.35,-73.2,237,0
1,111.35,-88.7,238,0
1,107.37,-73,238,0
1,99.42,-73.7,238,0
1,107.37,-88.5,238,0
1,99.42,-73.6,238,0
1,107.37,-88.1,239,0
1,99.42,-73.4,239,0
1,99.42,-88.3,239,0
1,95.44,-73,239,0
1,99.42,-88.4,239,0
1,95.44,-72.9,240,0
1,99.42,-88.9,240,0
1,87.49,-72.8,240,0
1,87.49,-73.1,240,0
1,95.44,-88.5,240,0
1,91.46,-72.9,241,0
1,95.44,-88.7,241,0
1,83.51,-73.5,241,0
1,87.49,-87.4,241,0
1,83.51,-73.7,241,0
1,87.49,-87.5,242,0
1,83.51,-73.7,242,0
1,83.51,-86.6,242,0
1,79.53,-74.8,242,0
1,79.53,-86.2,242,0
1,79.53,-75.2,243,0
1,83.51,-86.3,243,0
1,71.58,-74.4,243,0
1,75.56,-87.6,243,0
1,71.58,-73.4,243,0
1,75.56,-88.1,244,0
1,71.58,-73,244,0
1,71.58,-85,244,0
1,71.58,-86.7,244,0
1,71.58,-87.8,244,0
1,67.6,-76.6,245,0
1,71.58,-84.7,245,0
1,67.6,-87.2,245,0
1,63.63,-74.3,245,0
1,67.6,-87.1,245,0
1,63.63,-74.3,246,0
1,67.6,-87.2,246,0
1,55.67,-73.5,246,0
1,59.65,-83.4,246,0
1,55.67,-77.2,246,0
1,59.65,-82.7,247,0
1,55.67,-78.3,247,0
1,55.67,-81.4,247,0
1,55.67,-83,247,0
1,55.67,-79.1,247,0
1,55.67,-80.5,248,0
1,55.67,-86.7,248,0
1,47.72,-73.9,248,0
1,51.7,-88.2,248,0
1,55.67,-88.4,248,0
1,47.72,-72.7,249,0
1,51.7,-88.3,249,0
1,47.72,-84.8,249,0
1,43.74,-76.8,249,0
1,47.72,-83.4,249,0
1,43.74,-77.7,250,0
1,47.72,-82.6,250,0
1,39.77,-78.6,250,0
1,39.77,-81.3,250,0
1,43.74,-80.6,250,0
1,39.77,-80.6,251,0
1,43.74,-84.8,251,0
1,39.77,-75.7,251,0
1,39.77,-84.7,251,0
1,35.79,-75.7,251,0
1,39.77,-85,252,0
1,35.79,-75.7,252,0
1,35.79,-85,252,0
1,31.81,-75.8,252,0
1,35.79,-85.1,252,0
1,35.79,-87.2,253,0
1,31.81,-74.2,253,0
1,27.84,-72.7,253,0
1,31.81,-74.2,253,0
1,31.81,-87.2,253,0
1,31.81,-74.4,254,0
1,31.81,-86.9,254,0
1,27.84,-74.8,254,0
1,27.84,-87,254,0
1,27.84,-74.8,254,0
1,27.84,-87.1,255,100
1,27.84,-74.4,255,100
1,27.84,-87.4,255,100
1,23.86,-73.7,255,100
1,27.84,-87.6,255,100
1,23.86,-73.9,1,0
1,27.84,-87.6,1,0
1,4068.16,-42,1,0
1,4068.16,-41,1,0
1,4068.16,-51.3,1,0
1,4068.16,-51.2,2,0
1,4068.16,-41.8,2,0
1,4068.16,-41.8,2,0
1,4068.16,-51.1,2,0
1,4068.16,-41.8,2,0
1,4068.16,-51.1,3,0
1,4068.16,-41.8,3,0
1,4068.16,-51,3,0
1,4068.16,-42.5,3,0
1,4068.16,-50.9,3,0
1,4068.16,-42.4,4,0
1,4068.16,-50.5,4,0
1,4068.16,-43.1,4,0
1,4068.16,-41.9,4,0
1,4068.16,-52.2,4,0
1,4068.16,-41.8,5,0
1,4068.16,-52.4,5,0
1,4068.16,-41.9,5,0
1,4068.16,-52.8,5,0
1,4068.16,-42.2,5,0
1,4068.16,-52.7,6,0
1,4068.16,-47.7,6,0
1,4068.16,-47.7,6,0
1,4068.16,-43.2,6,0
1,4068.16,-52.6,6,0
1,4068.16,-43.3,7,0
1,4068.16,-52.6,7,0
1,4068.16,-46,7,0
1,4068.16,-49.9,7,0
1,4068.16,-51.6,7,0
1,4068.16,-45.1,8,0
1,4068.16,-51.4,8,0
1,4068.16,-45.7,8,0
1,4068.16,-51.6,8,0
1,4068.16,-45.9,8,0
1,4068.16,-51.1,9,0
1,4068.16,-43.8,9,0
1,4068.16,-53.7,9,0
1,4068.16,-44.3,9,0
1,4068.16,-53.4,9,0
1,4068.16,-44.5,10,0
1,4068.16,-44.7,10,0
1,4068.16,-53.5,10,0
1,4068.16,-45.2,10,0
1,4068.16,-54.6,10,0
1,4068.16,-43.6,11,0
1,4068.16,-55,11,0
1,4068.16,-44.2,11,0
1,4068.16,-55.1,11,0
1,4068.16,-44,11,0
1,4068.16,-54.9,12,0
1,4068.16,-44.7,12,0
1,4068.16,-55,12,0
1,4068.16,-45.9,12,0
1,4068.16,-53.6,12,0
1,4068.16,-47.1,13,0
1,4068.16,-51.8,13,0
1,4068.16,-49.7,13,0
1,4068.16,-50.7,13,0
1,4068.16,-48.1,13,0
1,4068.16,-53.2,14,0
1,4068.16,-53.8,14,0
1,4068.16,-47.4,14,0
1,4068.16,-54.5,14,0
1,4068.16,-52.6,14,0
1,4068.16,-49.3,15,0
1,4068.16,-55.3,15,0
1,4068.16,-46.8,15,0
1,4068.16,-55.9,15,0
1,4068.16,-46.8,15,0
1,4068.16,-55.5,16,0
1,4068.16,-47.4,16,0
1,4068.16,-55.1,16,0
1,4068.16,-48.8,16,0
1,4068.16,-50.6,16,0
1,4068.16,-55.7,17,0
1,4068.16,-48.3,17,0
1,4068.16,-55.9,17,0
1,4068.16,-48.5,17,0
1,4068.16,-56.1,17,0
1,4068.16,-56.8,18,0
1,4068.16,-46.5,18,0
1,4068.16,-58.4,18,0
1,4068.16,-47.6,18,0
1,4068.16,-47.1,18,0
1,4068.16,-58.1,19,0
1,4068.16,-47.8,19,0
1,4068.16,-57.5,19,0
1,4068.16,-49.6,19,0
1,4068.16,-49.2,19,0
1,4068.16,-52.2,20,0
1,4068.16,-54.7,20,0
1,4068.16,-50.4,20,0
1,4068.16,-57.5,20,0
1,4068.16,-48.5,20,0
1,4068.16,-59.3,21,0
1,4068.16,-47.5,21,0
1,4068.16,-60,21,0
1,4068.16,-48.4,21,0
1,4068.16,-59.8,21,0
1,4068.16,-59.5,22,0
1,4068.16,-48.6,22,0
1,4068.16,-60.2,22,0
1,4068.16,-50,22,0
1,4068.16,-51.3,22,0
1,4068.16,-59.7,23,0
1,4068.16,-48.7,23,0
1,4068.16,-58.1,23,0
1,4068.16,-55,23,0
1,4068.16,-50.9,23,0
1,4068.16,-60.7,24,0
1,4068.16,-50.1,24,0
1,4068.16,-56.3,24,0
1,4068.16,-58.9,24,0
1,4068.16,-49.3,24,0
1,4068.16,-61.3,25,0
1,4068.16,-51,25,0
1,4068.16,-55.4,25,0
1,4068.16,-60.9,25,0
1,4068.16,-49.9,25,0
1,4068.16,-60.6,26,0
1,4068.16,-54.5,26,0
1,4068.16,-53.1,26,0
1,4068.16,-61.9,26,0
1,4068.16,-50.9,26,0
1,4068.16,-52.6,27,0
1,4068.16,-56.4,27,0
1,4068.16,-60.1,27,0
1,4068.16,-50.9,27,0
1,4068.16,-62.7,27,0
1,4068.16,-53.1,28,0
1,4068.16,-57.3,28,0
1,4068.16,-60.7,28,0
1,4068.16,-51.4,28,0
1,4068.16,-63,28,0
1,4068.16,-61.7,29,0
1,4068.16,-56.2,29,0
1,4068.16,-54.4,29,0
1,4068.16,-63.6,29,0
1,4068.16,-63.8,29,0
1,4068.16,-51.9,30,0
1,4068.16,-63.8,30,0
1,4068.16,-54.5,30,0
1,4068.16,-61.5,30,0
1,4068.16,-55.1,30,0
1,4068.16,-57.7,31,0
1,4068.16,-58.6,31,0
1,4068.16,-58.7,31,0
1,4068.16,-58.1,31,0
1,4068.16,-59.6,31,0
1,4068.16,-61.7,32,0
1,4068.16,-55.1,32,0
1,4068.16,-63.3,32,0
1,4068.16,-54.5,32,0
1,4068.16,-65.1,32,0
1,4068.16,-52.9,33,0
1,4068.16,-64.8,33,0
1,4068.16,-54.1,33,0
1,4068.16,-65,33,0
1,4068.16,-64.7,33,0
1,4068.16,-54.7,34,0
1,4068.16,-61.5,34,0
1,4068.16,-58.4,34,0
1,4068.16,-61.3,34,0
1,4068.16,-59.6,34,0
1,4068.16,-55.8,35,0
1,4068.16,-65.3,35,0
1,4068.16,-55.5,35,0
1,4068.16,-66.5,35,0
1,4068.16,-54.7,35,0
1,4068.16,-66.9,36,0
1,4068.16,-55.1,36,0
1,4068.16,-62.7,36,0
1,4068.16,-61.1,36,0
1,4068.16,-60.6,36,0
1,4068.16,-66.6,37,0
1,4068.16,-55.6,37,0
1,4068.16,-68.3,37,0
1,4068.16,-55.5,37,0
1,4068.16,-55.7,37,0
1,4068.16,-55.8,38,0
1,4068.16,-67.3,38,0
1,4068.16,-56.9,38,0
1,4068.16,-67.7,38,0
1,4068.16,-57.2,38,0
1,4068.16,-63.2,39,0
1,4068.16,-61.2,39,0
1,4068.16,-65,39,0
1,4068.16,-60.3,39,0
1,4068.16,-66.8,39,0
1,4068.16,-58.5,40,0
1,4068.16,-68.2,40,0
1,4068.16,-57.9,40,0
1,4068.16,-69.2,40,0
1,4068.16,-57.1,40,0
1,4068.16,-57.5,41,0
1,4068.16,-69.4,41,0
1,4068.16,-57.8,41,0
1,4068.16,-70,41,0
1,4068.16,-69.8,41,0
1,4068.16,-58.6,42,0
1,4068.16,-69.7,42,0
1,4068.16,-59.4,42,0
1,4068.16,-69.2,42,0
1,4068.16,-59.4,42,0
1,4068.16,-69.6,43,0
1,4068.16,-68.6,43,0
1,4068.16,-60.8,43,0
1,4068.16,-70,43,0
1,4068.16,-60,43,0
1,4068.16,-70.6,44,0
1,4068.16,-71.5,44,0
1,4068.16,-60,44,0
1,4068.16,-71.6,44,0
1,4068.16,-63.5,44,0
1,4068.16,-67,45,0
1,4068.16,-64.5,45,0
1,4068.16,-66.9,45,0
1,4068.16,-66.3,45,0
1,4068.16,-66.5,45,0
1,4068.16,-65.7,46,0
1,4068.16,-67,46,0
1,4068.16,-65.6,46,0
1,4068.16,-68.7,46,0
1,4068.16,-64.9,46,0
1,4068.16,-69.5,47,0
1,4068.16,-62.6,47,0
1,4068.16,-71.7,47,0
1,4068.16,-62.3,47,0
1,4068.16,-73.3,47,0
1,4068.16,-61.4,48,0
1,4068.16,-73.1,48,0
1,4068.16,-61.6,48,0
1,4068.16,-74.8,48,0
1,4068.16,-61.6,48,0
1,4068.16,-74.7,49,0
1,4068.16,-61.8,49,0
1,4068.16,-74.7,49,0
1,4068.16,-74.1,49,0
1,4068.16,-62.9,49,0
1,4068.16,-73.8,50,0
1,4068.16,-74,50,0
1,4068.16,-63,50,0
1,4068.16,-74.8,50,0
1,4068.16,-63.5,50,0
1,4068.16,-74.5,51,0
1,4068.16,-63.4,51,0
1,4068.16,-68.1,51,0
1,4068.16,-74.7,51,0
1,4068.16,-66.6,51,0
1,4068.16,-75.1,52,0
1,4068.16,-64,52,0
1,4068.16,-76.4,52,0
1,4068.16,-64.8,52,0
1,4068.16,-75.3,52,0
1,4068.16,-67.3,53,0
1,4068.16,-66.5,53,0
1,4060.21,-74.4,53,0
1,4060.21,-74.2,53,0
1,4064.19,-67.3,53,0
1,4060.21,-70.8,54,0
1,4064.19,-70.3,54,0
1,4052.26,-72.3,54,0
1,4056.23,-66.8,54,0
1,4056.23,-73.4,54,0
1,4052.26,-66.2,55,0
1,4056.23,-76.5,55,0
1,4044.3,-73.5,55,0
1,4052.26,-70.3,55,0
1,4044.3,-75.3,55,0
1,4052.26,-67.7,56,0
1,4052.26,-69,56,0
1,4040.33,-76.9,56,0
1,4040.33,-67.7,56,0
1,4040.33,-78.4,56,0
1,4036.35,-68.3,57,0
1,4044.3,-78.3,57,0
1,4032.37,-79.9,57,0
1,4024.42,-67.4,57,0
1,4032.37,-78.9,57,0
1,4020.44,-68.3,58,0
1,4032.37,-77,58,0
1,4012.49,-68.9,58,0
1,4028.4,-78,58,0
1,4016.47,-72.1,58,0
1,4028.4,-75.5,59,0
1,4028.4,-75.6,59,0
1,4016.47,-77.6,59,0
1,4004.54,-72.6,59,0
1,4016.47,-76.5,59,0
1,4000.56,-73.3,60,0
1,4016.47,-75.9,60,0
1,3992.61,-74.3,60,0
1,4000.56,-75.5,60,0
1,3992.61,-75,60,0
1,4008.51,-74.2,61,0
1,3996.58,-73.2,61,0
1,3984.65,-75.8,61,0
1,3992.61,-77.5,61,0
1,3984.65,-74.7,61,0
1,3992.61,-75.4,62,0
1,3984.65,-72.6,62,0
1,3960.79,-75.9,62,0
1,3968.75,-75.1,62,0
1,3964.77,-77.3,62,0
1,3968.75,-74.5,63,0
1,3964.77,-77.6,63,0
1,3948.86,-76.3,63,0
1,3960.79,-79.6,63,0
1,3948.86,-74.5,63,0
1,3960.79,-78.6,64,0
1,3952.84,-75.5,64,0
1,3940.91,-77.5,64,0
1,3932.96,-78.1,64,0
1,3940.91,-73.4,64,0
1,3940.91,-81.8,65,0
1,3936.93,-71.8,65,0
1,3925,-83,65,0
1,3913.07,-74.1,65,0
1,3928.98,-78.9,65,0
1,3921.03,-79.2,66,0
1,3921.03,-72.8,66,0
1,3901.14,-83.3,66,0
1,3893.19,-73.8,66,0
1,3901.14,-80.4,66,0
1,3885.24,-75.5,67,0
1,3893.19,-77.3,67,0
1,3861.38,-74.1,67,0
1,3865.35,-83.7,67,0
1,3857.4,-72.9,67,0
1,3869.33,-82.1,68,0
1,3865.35,-77.2,68,0
1,3837.51,-80.5,68,0
1,3841.49,-73.8,68,0
1,3845.47,-83.6,68,0
1,3833.54,-73.1,69,0
1,3833.54,-75.6,69,0
1,3805.7,-79.8,69,0
1,3797.75,-79.2,69,0
1,3801.72,-75.4,69,0
1,3805.7,-83.4,70,0
1,3797.75,-73.2,70,0
1,3773.89,-82.6,70,0
1,3769.91,-76.7,70,0
1,3781.84,-80.9,70,0
1,3773.89,-79.8,71,0
1,3777.86,-75.5,71,0
1,3738.1,-80.6,71,0
1,3738.1,-74.3,71,0
1,3734.12,-84.2,71,0
1,3722.19,-73.6,72,0
1,3734.12,-81.9,72,0
1,3690.38,-77.5,72,0
1,3698.33,-78.1,72,0
1,3690.38,-80.8,72,0
1,3702.31,-75,73,0
1,3698.33,-76,73,0
1,3666.52,-84.8,73,0
1,3658.56,-74.8,73,0
1,3674.47,-84.5,73,0
1,3662.54,-74.7,74,0
1,3666.52,-81.9,74,0
1,3630.73,-82.5,74,0
1,3622.77,-77.3,74,0
1,3626.75,-79.2,74,0
1,3622.77,-80.9,75,0
1,3626.75,-75.3,75,0
1,3586.98,-81.9,75,0
1,3590.96,-80.8,75,0
1,3594.94,-75.7,75,0
1,3586.98,-80.7,76,0
1,3590.96,-75.7,76,0
1,3551.19,-84.3,76,0
1,3543.24,-75.6,76,0
1,3539.26,-83.9,76,0
1,3543.24,-73.9,77,0
1,3543.24,-74,77,0
1,2648.48,-83.7,77,0
1,1733.84,-22.8,77,0
1,568.67,-8.1,77,0
1,592.53,-8.6,78,0
1,3523.36,-84.4,78,0
1,3579.03,-78,78,0
1,3598.91,-84.5,78,0
1,3590.96,-81.4,78,0
1,1713.96,-20.9,79,0
1,75.56,0.3,79,0
1,31.81,0.7,79,0
1,35.79,0.6,79,0
1,31.81,0.6,79,0
1,35.79,0.8,80,0
1,31.81,0.7,80,0
1,35.79,0.6,80,0
1,35.79,0.7,80,0
1,35.79,0.7,80,0
1,35.79,0.7,81,0
1,35.79,0.8,81,0
1,39.77,0.5,81,0
1,35.79,0.5,81,0
1,39.77,0.9,81,0
1,35.79,0.6,82,0
1,39.77,0.5,82,0
1,39.77,0.4,82,0
1,39.77,0.5,82,0
1,39.77,0.6,82,0
1,39.77,0.8,83,0
1,39.77,0.8,83,0
1,39.77,0.5,83,0
1,39.77,0.7,83,0
1,35.79,0.4,83,0
1,39.77,0.7,84,0
1,39.77,0.5,84,0
1,39.77,0.5,84,0
1,35.79,0.5,84,0
1,39.77,0.7,84,0
1,35.79,0.2,85,0
1,39.77,0.4,85,0
1,31.81,0.7,85,0
